Workbook

Sheet AA7050
K1: 1
B2: FINDING PECLET NUMBER | C2: kg/m3 | D2: m | E2: J/kgK | F2: W/mK | K2: 1
B3: Cutting Speed, v | C3: Density, rho | D3: Half-width, b | E3: Specific Heat, c | F3: Thermal Conductivity, k | G3: Peclet Number, Pe | H3: Temperature, T | I3: Tool Width
B4: 4 | C4: 2700 | D4: =200*(10^-6) -> 0.0002 | E4: 896 | F4: 167 | G4: =(B4*C4*D4*E4)/(2*F4) -> 5.794491 | H4: 20 | I4: =5*10^-3 -> 0.005
B5: =B4*60 -> 240 | C5: m/min
B6: =B5*3.2 -> 768 | C6: sfm
B7: FINDING FLASH TEMPERATURE
B8: Cutting Force, F | C8: Density, rho | D8: Half-width, b | E8: Specific Heat, c | F8: Thermal Conductivity, k | G8: Peclet Number, Pe | H8: C4 | I8: Flash Temp (Pe>5) | J8: Flash Temp (Pe<5)
B9: =30*3 -> 90 | C9: =C4 -> 2700 | D9: =D4 -> 0.0002 | E9: =E4 -> 896 | F9: =F4 -> 167 | G9: =G4 -> 5.794491 | H9: =(0.00527*(G4^3))-(0.192*(G4^2))+2.39*G4 -> 8.4275304 | I9: =(0.399)*((2*B9*B4)/(F9*I4))*(SQRT((F9)/(C9*E9*B4*D9))) -> 101.06395 | J9: =(0.159*H9)*((2*B9)/(C9*E9*D9*I4)) -> 99.700694
H10: T vs Tcritical | I10: =(I9+20)/I61 -> 0.74730834 | L10: z [m] | M10: =M11*$D$4 -> 2e-06 | N10: =N11*$D$4 -> 4e-06 | O10: =O11*$D$4 -> 6e-06 | P10: =P11*$D$4 -> 8e-06 | Q10: =Q11*$D$4 -> 1e-05 | R10: =R11*$D$4 -> 1.2e-05 | S10: =S11*$D$4 -> 1.4e-05 | T10: =T11*$D$4 -> 1.6e-05 | ... BS10: =BS11*$D$4 -> 0.001
K11: z/b | L11: 0 | M11: 0.01 | N11: 0.02 | O11: 0.03 | P11: 0.04 | Q11: 0.05 | R11: 0.06 | S11: 0.07 | T11: 0.08 | U11: 0.09 | V11: 0.1 | W11: 0.11 | X11: 0.12 | Y11: 0.13 | Z11: 0.14 | AA11: 0.15 | AB11: 0.16 | AC11: 0.17 | AD11: 0.18 | AE11: 0.19 | AF11: 0.2 | AG11: 0.21 | AH11: 0.22 | AI11: 0.23 | AJ11: 0.24 | AK11: 0.25 | AL11: 0.26 | AM11: 0.27 | AN11: 0.28 | AO11: 0.29 | AP11: 0.3 | AQ11: 0.31 | AR11: 0.32 | AS11: 0.33 | AT11: 0.34 | AU11: 0.35 | AV11: 0.36 | AW11: 0.37 | AX11: 0.38 | AY11: 0.39 | AZ11: 0.4 | BA11: 0.41 | BB11: 0.42 | BC11: 0.43 | BD11: 0.44 | BE11: 0.45 | BF11: 0.46 | BG11: 0.47 | BH11: 0.48 | BI11: 0.49 | BJ11: 0.5 | BK11: 1 | BL11: 1.5 | BM11: 2 | BN11: 2.5 | BO11: 3 | BP11: 3.5 | BQ11: 4 | BR11: 4.5 | BS11: 5
B12: STEADY STATE TEMPERATURE
B13: x/b | D13: Peclet Number, Pe | E13: P+ | F13: P- | G13: Steady State Temp (x/b<-1) | H13: Steady State Temp (-1<x/b<1) | I13: Steady State Temp (1,x/b) | J13: summed temp profile | K13: normalized | L13: f(T)
B14: -2.001 | C14: =B14 -> -2.001 | D14: =G4 -> 5.794491 | E14: =($D$14*($B14+1))/2 -> -2.9001428 | F14: =($D$14*($B14-1))/2 -> -8.6946338 | G14: =((C14+1)*(EXP(E14))*(BESSELK(-E14,0)-BESSELK(-E14,1)))+((1-C14)*EXP(F14)*(BESSELK(-F14,0)-BESSELK(-F14,1))) -> 0.000345777 | J14: =G14+H14+I14 -> 0.000345777 | K14: =J14/MAX($J$14:$J$57) -> 0.0001765359 | L14: =IF($G$4>5,K14*$I$9,K14*$J$9)+20 -> 20.017841 | M14: =IF((1-ERF(M$10/SQRT(4*$F$4/($E$4*$C$4)*2*$D$4/$B$4)))*$L14<20,20,(1-ERF(M$10/SQRT(4*$F$4/($E$4*$C$4)*2*$D$4/$B$4)))*$L14) -> 20 | N14: =IF((1-ERF(N$10/SQRT(4*$F$4/($E$4*$C$4)*2*$D$4/$B$4)))*$L14<20,20,(1-ERF(N$10/SQRT(4*$F$4/($E$4*$C$4)*2*$D$4/$B$4)))*$L14) -> 20 | O14: =IF((1-ERF(O$10/SQRT(4*$F$4/($E$4*$C$4)*2*$D$4/$B$4)))*$L14<20,20,(1-ERF(O$10/SQRT(4*$F$4/($E$4*$C$4)*2*$D$4/$B$4)))*$L14) -> 20 | P14: =IF((1-ERF(P$10/SQRT(4*$F$4/($E$4*$C$4)*2*$D$4/$B$4)))*$L14<20,20,(1-ERF(P$10/SQRT(4*$F$4/($E$4*$C$4)*2*$D$4/$B$4)))*$L14) -> 20 | Q14: =IF((1-ERF(Q$10/SQRT(4*$F$4/($E$4*$C$4)*2*$D$4/$B$4)))*$L14<20,20,(1-ERF(Q$10/SQRT(4*$F$4/($E$4*$C$4)*2*$D$4/$B$4)))*$L14) -> 20 | R14: =IF((1-ERF(R$10/SQRT(4*$F$4/($E$4*$C$4)*2*$D$4/$B$4)))*$L14<20,20,(1-ERF(R$10/SQRT(4*$F$4/($E$4*$C$4)*2*$D$4/$B$4)))*$L14) -> 20 | S14: =IF((1-ERF(S$10/SQRT(4*$F$4/($E$4*$C$4)*2*$D$4/$B$4)))*$L14<20,20,(1-ERF(S$10/SQRT(4*$F$4/($E$4*$C$4)*2*$D$4/$B$4)))*$L14) -> 20 | T14: =IF((1-ERF(T$10/SQRT(4*$F$4/($E$4*$C$4)*2*$D$4/$B$4)))*$L14<20,20,(1-ERF(T$10/SQRT(4*$F$4/($E$4*$C$4)*2*$D$4/$B$4)))*$L14) -> 20 | ... BS14: =IF((1-ERF(BS$10/SQRT(4*$F$4/($E$4*$C$4)*2*$D$4/$B$4)))*$L14<20,20,(1-ERF(BS$10/SQRT(4*$F$4/($E$4*$C$4)*2*$D$4/$B$4)))*$L14) -> 20
B15: =B14+0.1 -> -1.901 | C15: =B15 -> -1.901 | E15: =($D$14*($B15+1))/2 -> -2.6104182 | F15: =($D$14*($B15-1))/2 -> -8.4049092 | G15: =((C15+1)*(EXP(E15))*(BESSELK(-E15,0)-BESSELK(-E15,1)))+((1-C15)*EXP(F15)*(BESSELK(-F15,0)-BESSELK(-F15,1))) -> 0.00064428553 | J15: =G15+H15+I15 -> 0.00064428553 | K15: =J15/MAX($J$14:$J$57) -> 0.00032893895 | L15: =IF($G$4>5,K15*$I$9,K15*$J$9)+20 -> 20.033244 | M15: =IF((1-ERF(M$10/SQRT(4*$F$4/($E$4*$C$4)*2*$D$4/$B$4)))*$L15<20,20,(1-ERF(M$10/SQRT(4*$F$4/($E$4*$C$4)*2*$D$4/$B$4)))*$L15) -> 20 | N15: =IF((1-ERF(N$10/SQRT(4*$F$4/($E$4*$C$4)*2*$D$4/$B$4)))*$L15<20,20,(1-ERF(N$10/SQRT(4*$F$4/($E$4*$C$4)*2*$D$4/$B$4)))*$L15) -> 20 | O15: =IF((1-ERF(O$10/SQRT(4*$F$4/($E$4*$C$4)*2*$D$4/$B$4)))*$L15<20,20,(1-ERF(O$10/SQRT(4*$F$4/($E$4*$C$4)*2*$D$4/$B$4)))*$L15) -> 20 | P15: =IF((1-ERF(P$10/SQRT(4*$F$4/($E$4*$C$4)*2*$D$4/$B$4)))*$L15<20,20,(1-ERF(P$10/SQRT(4*$F$4/($E$4*$C$4)*2*$D$4/$B$4)))*$L15) -> 20 | Q15: =IF((1-ERF(Q$10/SQRT(4*$F$4/($E$4*$C$4)*2*$D$4/$B$4)))*$L15<20,20,(1-ERF(Q$10/SQRT(4*$F$4/($E$4*$C$4)*2*$D$4/$B$4)))*$L15) -> 20 | R15: =IF((1-ERF(R$10/SQRT(4*$F$4/($E$4*$C$4)*2*$D$4/$B$4)))*$L15<20,20,(1-ERF(R$10/SQRT(4*$F$4/($E$4*$C$4)*2*$D$4/$B$4)))*$L15) -> 20 | S15: =IF((1-ERF(S$10/SQRT(4*$F$4/($E$4*$C$4)*2*$D$4/$B$4)))*$L15<20,20,(1-ERF(S$10/SQRT(4*$F$4/($E$4*$C$4)*2*$D$4/$B$4)))*$L15) -> 20 | T15: =IF((1-ERF(T$10/SQRT(4*$F$4/($E$4*$C$4)*2*$D$4/$B$4)))*$L15<20,20,(1-ERF(T$10/SQRT(4*$F$4/($E$4*$C$4)*2*$D$4/$B$4)))*$L15) -> 20 | ... BS15: =IF((1-ERF(BS$10/SQRT(4*$F$4/($E$4*$C$4)*2*$D$4/$B$4)))*$L15<20,20,(1-ERF(BS$10/SQRT(4*$F$4/($E$4*$C$4)*2*$D$4/$B$4)))*$L15) -> 20
B16: =B15+0.1 -> -1.801 | C16: =B16 -> -1.801 | E16: =($D$14*($B16+1))/2 -> -2.3206937 | F16: =($D$14*($B16-1))/2 -> -8.1151847 | G16: =((C16+1)*(EXP(E16))*(BESSELK(-E16,0)-BESSELK(-E16,1)))+((1-C16)*EXP(F16)*(BESSELK(-F16,0)-BESSELK(-F16,1))) -> 0.001205517 | J16: =G16+H16+I16 -> 0.001205517 | K16: =J16/MAX($J$14:$J$57) -> 0.00061547478 | L16: =IF($G$4>5,K16*$I$9,K16*$J$9)+20 -> 20.062202 | M16: =IF((1-ERF(M$10/SQRT(4*$F$4/($E$4*$C$4)*2*$D$4/$B$4)))*$L16<20,20,(1-ERF(M$10/SQRT(4*$F$4/($E$4*$C$4)*2*$D$4/$B$4)))*$L16) -> 20 | N16: =IF((1-ERF(N$10/SQRT(4*$F$4/($E$4*$C$4)*2*$D$4/$B$4)))*$L16<20,20,(1-ERF(N$10/SQRT(4*$F$4/($E$4*$C$4)*2*$D$4/$B$4)))*$L16) -> 20 | O16: =IF((1-ERF(O$10/SQRT(4*$F$4/($E$4*$C$4)*2*$D$4/$B$4)))*$L16<20,20,(1-ERF(O$10/SQRT(4*$F$4/($E$4*$C$4)*2*$D$4/$B$4)))*$L16) -> 20 | P16: =IF((1-ERF(P$10/SQRT(4*$F$4/($E$4*$C$4)*2*$D$4/$B$4)))*$L16<20,20,(1-ERF(P$10/SQRT(4*$F$4/($E$4*$C$4)*2*$D$4/$B$4)))*$L16) -> 20 | Q16: =IF((1-ERF(Q$10/SQRT(4*$F$4/($E$4*$C$4)*2*$D$4/$B$4)))*$L16<20,20,(1-ERF(Q$10/SQRT(4*$F$4/($E$4*$C$4)*2*$D$4/$B$4)))*$L16) -> 20 | R16: =IF((1-ERF(R$10/SQRT(4*$F$4/($E$4*$C$4)*2*$D$4/$B$4)))*$L16<20,20,(1-ERF(R$10/SQRT(4*$F$4/($E$4*$C$4)*2*$D$4/$B$4)))*$L16) -> 20 | S16: =IF((1-ERF(S$10/SQRT(4*$F$4/($E$4*$C$4)*2*$D$4/$B$4)))*$L16<20,20,(1-ERF(S$10/SQRT(4*$F$4/($E$4*$C$4)*2*$D$4/$B$4)))*$L16) -> 20 | T16: =IF((1-ERF(T$10/SQRT(4*$F$4/($E$4*$C$4)*2*$D$4/$B$4)))*$L16<20,20,(1-ERF(T$10/SQRT(4*$F$4/($E$4*$C$4)*2*$D$4/$B$4)))*$L16) -> 20 | ... BS16: =IF((1-ERF(BS$10/SQRT(4*$F$4/($E$4*$C$4)*2*$D$4/$B$4)))*$L16<20,20,(1-ERF(BS$10/SQRT(4*$F$4/($E$4*$C$4)*2*$D$4/$B$4)))*$L16) -> 20
B17: =B16+0.1 -> -1.701 | C17: =B17 -> -1.701 | E17: =($D$14*($B17+1))/2 -> -2.0309691 | F17: =($D$14*($B17-1))/2 -> -7.8254601 | G17: =((C17+1)*(EXP(E17))*(BESSELK(-E17,0)-BESSELK(-E17,1)))+((1-C17)*EXP(F17)*(BESSELK(-F17,0)-BESSELK(-F17,1))) -> 0.0022671749 | J17: =G17+H17+I17 -> 0.0022671749 | K17: =J17/MAX($J$14:$J$57) -> 0.0011575025 | L17: =IF($G$4>5,K17*$I$9,K17*$J$9)+20 -> 20.116982 | M17: =IF((1-ERF(M$10/SQRT(4*$F$4/($E$4*$C$4)*2*$D$4/$B$4)))*$L17<20,20,(1-ERF(M$10/SQRT(4*$F$4/($E$4*$C$4)*2*$D$4/$B$4)))*$L17) -> 20 | N17: =IF((1-ERF(N$10/SQRT(4*$F$4/($E$4*$C$4)*2*$D$4/$B$4)))*$L17<20,20,(1-ERF(N$10/SQRT(4*$F$4/($E$4*$C$4)*2*$D$4/$B$4)))*$L17) -> 20 | O17: =IF((1-ERF(O$10/SQRT(4*$F$4/($E$4*$C$4)*2*$D$4/$B$4)))*$L17<20,20,(1-ERF(O$10/SQRT(4*$F$4/($E$4*$C$4)*2*$D$4/$B$4)))*$L17) -> 20 | P17: =IF((1-ERF(P$10/SQRT(4*$F$4/($E$4*$C$4)*2*$D$4/$B$4)))*$L17<20,20,(1-ERF(P$10/SQRT(4*$F$4/($E$4*$C$4)*2*$D$4/$B$4)))*$L17) -> 20 | Q17: =IF((1-ERF(Q$10/SQRT(4*$F$4/($E$4*$C$4)*2*$D$4/$B$4)))*$L17<20,20,(1-ERF(Q$10/SQRT(4*$F$4/($E$4*$C$4)*2*$D$4/$B$4)))*$L17) -> 20 | R17: =IF((1-ERF(R$10/SQRT(4*$F$4/($E$4*$C$4)*2*$D$4/$B$4)))*$L17<20,20,(1-ERF(R$10/SQRT(4*$F$4/($E$4*$C$4)*2*$D$4/$B$4)))*$L17) -> 20 | S17: =IF((1-ERF(S$10/SQRT(4*$F$4/($E$4*$C$4)*2*$D$4/$B$4)))*$L17<20,20,(1-ERF(S$10/SQRT(4*$F$4/($E$4*$C$4)*2*$D$4/$B$4)))*$L17) -> 20 | T17: =IF((1-ERF(T$10/SQRT(4*$F$4/($E$4*$C$4)*2*$D$4/$B$4)))*$L17<20,20,(1-ERF(T$10/SQRT(4*$F$4/($E$4*$C$4)*2*$D$4/$B$4)))*$L17) -> 20 | ... BS17: =IF((1-ERF(BS$10/SQRT(4*$F$4/($E$4*$C$4)*2*$D$4/$B$4)))*$L17<20,20,(1-ERF(BS$10/SQRT(4*$F$4/($E$4*$C$4)*2*$D$4/$B$4)))*$L17) -> 20
B18: =B17+0.1 -> -1.601 | C18: =B18 -> -1.601 | E18: =($D$14*($B18+1))/2 -> -1.7412446 | F18: =($D$14*($B18-1))/2 -> -7.5357356 | G18: =((C18+1)*(EXP(E18))*(BESSELK(-E18,0)-BESSELK(-E18,1)))+((1-C18)*EXP(F18)*(BESSELK(-F18,0)-BESSELK(-F18,1))) -> 0.004291166 | J18: =G18+H18+I18 -> 0.004291166 | K18: =J18/MAX($J$14:$J$57) -> 0.0021908479 | L18: =IF($G$4>5,K18*$I$9,K18*$J$9)+20 -> 20.221416 | M18: =IF((1-ERF(M$10/SQRT(4*$F$4/($E$4*$C$4)*2*$D$4/$B$4)))*$L18<20,20,(1-ERF(M$10/SQRT(4*$F$4/($E$4*$C$4)*2*$D$4/$B$4)))*$L18) -> 20 | N18: =IF((1-ERF(N$10/SQRT(4*$F$4/($E$4*$C$4)*2*$D$4/$B$4)))*$L18<20,20,(1-ERF(N$10/SQRT(4*$F$4/($E$4*$C$4)*2*$D$4/$B$4)))*$L18) -> 20 | O18: =IF((1-ERF(O$10/SQRT(4*$F$4/($E$4*$C$4)*2*$D$4/$B$4)))*$L18<20,20,(1-ERF(O$10/SQRT(4*$F$4/($E$4*$C$4)*2*$D$4/$B$4)))*$L18) -> 20 | P18: =IF((1-ERF(P$10/SQRT(4*$F$4/($E$4*$C$4)*2*$D$4/$B$4)))*$L18<20,20,(1-ERF(P$10/SQRT(4*$F$4/($E$4*$C$4)*2*$D$4/$B$4)))*$L18) -> 20 | Q18: =IF((1-ERF(Q$10/SQRT(4*$F$4/($E$4*$C$4)*2*$D$4/$B$4)))*$L18<20,20,(1-ERF(Q$10/SQRT(4*$F$4/($E$4*$C$4)*2*$D$4/$B$4)))*$L18) -> 20 | R18: =IF((1-ERF(R$10/SQRT(4*$F$4/($E$4*$C$4)*2*$D$4/$B$4)))*$L18<20,20,(1-ERF(R$10/SQRT(4*$F$4/($E$4*$C$4)*2*$D$4/$B$4)))*$L18) -> 20 | S18: =IF((1-ERF(S$10/SQRT(4*$F$4/($E$4*$C$4)*2*$D$4/$B$4)))*$L18<20,20,(1-ERF(S$10/SQRT(4*$F$4/($E$4*$C$4)*2*$D$4/$B$4)))*$L18) -> 20 | T18: =IF((1-ERF(T$10/SQRT(4*$F$4/($E$4*$C$4)*2*$D$4/$B$4)))*$L18<20,20,(1-ERF(T$10/SQRT(4*$F$4/($E$4*$C$4)*2*$D$4/$B$4)))*$L18) -> 20 | ... BS18: =IF((1-ERF(BS$10/SQRT(4*$F$4/($E$4*$C$4)*2*$D$4/$B$4)))*$L18<20,20,(1-ERF(BS$10/SQRT(4*$F$4/($E$4*$C$4)*2*$D$4/$B$4)))*$L18) -> 20
B19: =B18+0.1 -> -1.501 | C19: =B19 -> -1.501 | E19: =($D$14*($B19+1))/2 -> -1.45152 | F19: =($D$14*($B19-1))/2 -> -7.246011 | G19: =((C19+1)*(EXP(E19))*(BESSELK(-E19,0)-BESSELK(-E19,1)))+((1-C19)*EXP(F19)*(BESSELK(-F19,0)-BESSELK(-F19,1))) -> 0.0081895943 | J19: =G19+H19+I19 -> 0.0081895943 | K19: =J19/MAX($J$14:$J$57) -> 0.0041811842 | L19: =IF($G$4>5,K19*$I$9,K19*$J$9)+20 -> 20.422567 | M19: =IF((1-ERF(M$10/SQRT(4*$F$4/($E$4*$C$4)*2*$D$4/$B$4)))*$L19<20,20,(1-ERF(M$10/SQRT(4*$F$4/($E$4*$C$4)*2*$D$4/$B$4)))*$L19) -> 20.145221 | N19: =IF((1-ERF(N$10/SQRT(4*$F$4/($E$4*$C$4)*2*$D$4/$B$4)))*$L19<20,20,(1-ERF(N$10/SQRT(4*$F$4/($E$4*$C$4)*2*$D$4/$B$4)))*$L19) -> 20 | O19: =IF((1-ERF(O$10/SQRT(4*$F$4/($E$4*$C$4)*2*$D$4/$B$4)))*$L19<20,20,(1-ERF(O$10/SQRT(4*$F$4/($E$4*$C$4)*2*$D$4/$B$4)))*$L19) -> 20 | P19: =IF((1-ERF(P$10/SQRT(4*$F$4/($E$4*$C$4)*2*$D$4/$B$4)))*$L19<20,20,(1-ERF(P$10/SQRT(4*$F$4/($E$4*$C$4)*2*$D$4/$B$4)))*$L19) -> 20 | Q19: =IF((1-ERF(Q$10/SQRT(4*$F$4/($E$4*$C$4)*2*$D$4/$B$4)))*$L19<20,20,(1-ERF(Q$10/SQRT(4*$F$4/($E$4*$C$4)*2*$D$4/$B$4)))*$L19) -> 20 | R19: =IF((1-ERF(R$10/SQRT(4*$F$4/($E$4*$C$4)*2*$D$4/$B$4)))*$L19<20,20,(1-ERF(R$10/SQRT(4*$F$4/($E$4*$C$4)*2*$D$4/$B$4)))*$L19) -> 20 | S19: =IF((1-ERF(S$10/SQRT(4*$F$4/($E$4*$C$4)*2*$D$4/$B$4)))*$L19<20,20,(1-ERF(S$10/SQRT(4*$F$4/($E$4*$C$4)*2*$D$4/$B$4)))*$L19) -> 20 | T19: =IF((1-ERF(T$10/SQRT(4*$F$4/($E$4*$C$4)*2*$D$4/$B$4)))*$L19<20,20,(1-ERF(T$10/SQRT(4*$F$4/($E$4*$C$4)*2*$D$4/$B$4)))*$L19) -> 20 | ... BS19: =IF((1-ERF(BS$10/SQRT(4*$F$4/($E$4*$C$4)*2*$D$4/$B$4)))*$L19<20,20,(1-ERF(BS$10/SQRT(4*$F$4/($E$4*$C$4)*2*$D$4/$B$4)))*$L19) -> 20
B20: =B19+0.1 -> -1.401 | C20: =B20 -> -1.401 | E20: =($D$14*($B20+1))/2 -> -1.1617954 | F20: =($D$14*($B20-1))/2 -> -6.9562865 | G20: =((C20+1)*(EXP(E20))*(BESSELK(-E20,0)-BESSELK(-E20,1)))+((1-C20)*EXP(F20)*(BESSELK(-F20,0)-BESSELK(-F20,1))) -> 0.015805505 | J20: =G20+H20+I20 -> 0.015805505 | K20: =J20/MAX($J$14:$J$57) -> 0.0080694755 | L20: =IF($G$4>5,K20*$I$9,K20*$J$9)+20 -> 20.815533 | M20: =IF((1-ERF(M$10/SQRT(4*$F$4/($E$4*$C$4)*2*$D$4/$B$4)))*$L20<20,20,(1-ERF(M$10/SQRT(4*$F$4/($E$4*$C$4)*2*$D$4/$B$4)))*$L20) -> 20.53285 | N20: =IF((1-ERF(N$10/SQRT(4*$F$4/($E$4*$C$4)*2*$D$4/$B$4)))*$L20<20,20,(1-ERF(N$10/SQRT(4*$F$4/($E$4*$C$4)*2*$D$4/$B$4)))*$L20) -> 20.250249 | O20: =IF((1-ERF(O$10/SQRT(4*$F$4/($E$4*$C$4)*2*$D$4/$B$4)))*$L20<20,20,(1-ERF(O$10/SQRT(4*$F$4/($E$4*$C$4)*2*$D$4/$B$4)))*$L20) -> 20 | P20: =IF((1-ERF(P$10/SQRT(4*$F$4/($E$4*$C$4)*2*$D$4/$B$4)))*$L20<20,20,(1-ERF(P$10/SQRT(4*$F$4/($E$4*$C$4)*2*$D$4/$B$4)))*$L20) -> 20 | Q20: =IF((1-ERF(Q$10/SQRT(4*$F$4/($E$4*$C$4)*2*$D$4/$B$4)))*$L20<20,20,(1-ERF(Q$10/SQRT(4*$F$4/($E$4*$C$4)*2*$D$4/$B$4)))*$L20) -> 20 | R20: =IF((1-ERF(R$10/SQRT(4*$F$4/($E$4*$C$4)*2*$D$4/$B$4)))*$L20<20,20,(1-ERF(R$10/SQRT(4*$F$4/($E$4*$C$4)*2*$D$4/$B$4)))*$L20) -> 20 | S20: =IF((1-ERF(S$10/SQRT(4*$F$4/($E$4*$C$4)*2*$D$4/$B$4)))*$L20<20,20,(1-ERF(S$10/SQRT(4*$F$4/($E$4*$C$4)*2*$D$4/$B$4)))*$L20) -> 20 | T20: =IF((1-ERF(T$10/SQRT(4*$F$4/($E$4*$C$4)*2*$D$4/$B$4)))*$L20<20,20,(1-ERF(T$10/SQRT(4*$F$4/($E$4*$C$4)*2*$D$4/$B$4)))*$L20) -> 20 | ... BS20: =IF((1-ERF(BS$10/SQRT(4*$F$4/($E$4*$C$4)*2*$D$4/$B$4)))*$L20<20,20,(1-ERF(BS$10/SQRT(4*$F$4/($E$4*$C$4)*2*$D$4/$B$4)))*$L20) -> 20
B21: =B20+0.1 -> -1.301 | C21: =B21 -> -1.301 | E21: =($D$14*($B21+1))/2 -> -0.8720709 | F21: =($D$14*($B21-1))/2 -> -6.6665619 | G21: =((C21+1)*(EXP(E21))*(BESSELK(-E21,0)-BESSELK(-E21,1)))+((1-C21)*EXP(F21)*(BESSELK(-F21,0)-BESSELK(-F21,1))) -> 0.030998437 | J21: =G21+H21+I21 -> 0.030998437 | K21: =J21/MAX($J$14:$J$57) -> 0.015826203 | L21: =IF($G$4>5,K21*$I$9,K21*$J$9)+20 -> 21.599459 | M21: =IF((1-ERF(M$10/SQRT(4*$F$4/($E$4*$C$4)*2*$D$4/$B$4)))*$L21<20,20,(1-ERF(M$10/SQRT(4*$F$4/($E$4*$C$4)*2*$D$4/$B$4)))*$L21) -> 21.30613 | N21: =IF((1-ERF(N$10/SQRT(4*$F$4/($E$4*$C$4)*2*$D$4/$B$4)))*$L21<20,20,(1-ERF(N$10/SQRT(4*$F$4/($E$4*$C$4)*2*$D$4/$B$4)))*$L21) -> 21.012886 | O21: =IF((1-ERF(O$10/SQRT(4*$F$4/($E$4*$C$4)*2*$D$4/$B$4)))*$L21<20,20,(1-ERF(O$10/SQRT(4*$F$4/($E$4*$C$4)*2*$D$4/$B$4)))*$L21) -> 20.719812 | P21: =IF((1-ERF(P$10/SQRT(4*$F$4/($E$4*$C$4)*2*$D$4/$B$4)))*$L21<20,20,(1-ERF(P$10/SQRT(4*$F$4/($E$4*$C$4)*2*$D$4/$B$4)))*$L21) -> 20.426993 | Q21: =IF((1-ERF(Q$10/SQRT(4*$F$4/($E$4*$C$4)*2*$D$4/$B$4)))*$L21<20,20,(1-ERF(Q$10/SQRT(4*$F$4/($E$4*$C$4)*2*$D$4/$B$4)))*$L21) -> 20.134513 | R21: =IF((1-ERF(R$10/SQRT(4*$F$4/($E$4*$C$4)*2*$D$4/$B$4)))*$L21<20,20,(1-ERF(R$10/SQRT(4*$F$4/($E$4*$C$4)*2*$D$4/$B$4)))*$L21) -> 20 | S21: =IF((1-ERF(S$10/SQRT(4*$F$4/($E$4*$C$4)*2*$D$4/$B$4)))*$L21<20,20,(1-ERF(S$10/SQRT(4*$F$4/($E$4*$C$4)*2*$D$4/$B$4)))*$L21) -> 20 | T21: =IF((1-ERF(T$10/SQRT(4*$F$4/($E$4*$C$4)*2*$D$4/$B$4)))*$L21<20,20,(1-ERF(T$10/SQRT(4*$F$4/($E$4*$C$4)*2*$D$4/$B$4)))*$L21) -> 20 | ... BS21: =IF((1-ERF(BS$10/SQRT(4*$F$4/($E$4*$C$4)*2*$D$4/$B$4)))*$L21<20,20,(1-ERF(BS$10/SQRT(4*$F$4/($E$4*$C$4)*2*$D$4/$B$4)))*$L21) -> 20
B22: =B21+0.1 -> -1.201 | C22: =B22 -> -1.201 | E22: =($D$14*($B22+1))/2 -> -0.58234635 | F22: =($D$14*($B22-1))/2 -> -6.3768374 | G22: =((C22+1)*(EXP(E22))*(BESSELK(-E22,0)-BESSELK(-E22,1)))+((1-C22)*EXP(F22)*(BESSELK(-F22,0)-BESSELK(-F22,1))) -> 0.062366897 | J22: =G22+H22+I22 -> 0.062366897 | K22: =J22/MAX($J$14:$J$57) -> 0.031841319 | L22: =IF($G$4>5,K22*$I$9,K22*$J$9)+20 -> 23.21801 | M22: =IF((1-ERF(M$10/SQRT(4*$F$4/($E$4*$C$4)*2*$D$4/$B$4)))*$L22<20,20,(1-ERF(M$10/SQRT(4*$F$4/($E$4*$C$4)*2*$D$4/$B$4)))*$L22) -> 22.9027 | N22: =IF((1-ERF(N$10/SQRT(4*$F$4/($E$4*$C$4)*2*$D$4/$B$4)))*$L22<20,20,(1-ERF(N$10/SQRT(4*$F$4/($E$4*$C$4)*2*$D$4/$B$4)))*$L22) -> 22.587482 | O22: =IF((1-ERF(O$10/SQRT(4*$F$4/($E$4*$C$4)*2*$D$4/$B$4)))*$L22<20,20,(1-ERF(O$10/SQRT(4*$F$4/($E$4*$C$4)*2*$D$4/$B$4)))*$L22) -> 22.272447 | P22: =IF((1-ERF(P$10/SQRT(4*$F$4/($E$4*$C$4)*2*$D$4/$B$4)))*$L22<20,20,(1-ERF(P$10/SQRT(4*$F$4/($E$4*$C$4)*2*$D$4/$B$4)))*$L22) -> 21.957685 | Q22: =IF((1-ERF(Q$10/SQRT(4*$F$4/($E$4*$C$4)*2*$D$4/$B$4)))*$L22<20,20,(1-ERF(Q$10/SQRT(4*$F$4/($E$4*$C$4)*2*$D$4/$B$4)))*$L22) -> 21.643288 | R22: =IF((1-ERF(R$10/SQRT(4*$F$4/($E$4*$C$4)*2*$D$4/$B$4)))*$L22<20,20,(1-ERF(R$10/SQRT(4*$F$4/($E$4*$C$4)*2*$D$4/$B$4)))*$L22) -> 21.329346 | S22: =IF((1-ERF(S$10/SQRT(4*$F$4/($E$4*$C$4)*2*$D$4/$B$4)))*$L22<20,20,(1-ERF(S$10/SQRT(4*$F$4/($E$4*$C$4)*2*$D$4/$B$4)))*$L22) -> 21.01595 | T22: =IF((1-ERF(T$10/SQRT(4*$F$4/($E$4*$C$4)*2*$D$4/$B$4)))*$L22<20,20,(1-ERF(T$10/SQRT(4*$F$4/($E$4*$C$4)*2*$D$4/$B$4)))*$L22) -> 20.703188 | ... BS22: =IF((1-ERF(BS$10/SQRT(4*$F$4/($E$4*$C$4)*2*$D$4/$B$4)))*$L22<20,20,(1-ERF(BS$10/SQRT(4*$F$4/($E$4*$C$4)*2*$D$4/$B$4)))*$L22) -> 20
B23: =B22+0.1 -> -1.101 | C23: =B23 -> -1.101 | E23: =($D$14*($B23+1))/2 -> -0.2926218 | F23: =($D$14*($B23-1))/2 -> -6.0871128 | G23: =((C23+1)*(EXP(E23))*(BESSELK(-E23,0)-BESSELK(-E23,1)))+((1-C23)*EXP(F23)*(BESSELK(-F23,0)-BESSELK(-F23,1))) -> 0.13176243 | J23: =G23+H23+I23 -> 0.13176243 | K23: =J23/MAX($J$14:$J$57) -> 0.067271097 | L23: =IF($G$4>5,K23*$I$9,K23*$J$9)+20 -> 26.798683 | M23: =IF((1-ERF(M$10/SQRT(4*$F$4/($E$4*$C$4)*2*$D$4/$B$4)))*$L23<20,20,(1-ERF(M$10/SQRT(4*$F$4/($E$4*$C$4)*2*$D$4/$B$4)))*$L23) -> 26.434747 | N23: =IF((1-ERF(N$10/SQRT(4*$F$4/($E$4*$C$4)*2*$D$4/$B$4)))*$L23<20,20,(1-ERF(N$10/SQRT(4*$F$4/($E$4*$C$4)*2*$D$4/$B$4)))*$L23) -> 26.070916 | O23: =IF((1-ERF(O$10/SQRT(4*$F$4/($E$4*$C$4)*2*$D$4/$B$4)))*$L23<20,20,(1-ERF(O$10/SQRT(4*$F$4/($E$4*$C$4)*2*$D$4/$B$4)))*$L23) -> 25.707296 | P23: =IF((1-ERF(P$10/SQRT(4*$F$4/($E$4*$C$4)*2*$D$4/$B$4)))*$L23<20,20,(1-ERF(P$10/SQRT(4*$F$4/($E$4*$C$4)*2*$D$4/$B$4)))*$L23) -> 25.343992 | Q23: =IF((1-ERF(Q$10/SQRT(4*$F$4/($E$4*$C$4)*2*$D$4/$B$4)))*$L23<20,20,(1-ERF(Q$10/SQRT(4*$F$4/($E$4*$C$4)*2*$D$4/$B$4)))*$L23) -> 24.981109 | R23: =IF((1-ERF(R$10/SQRT(4*$F$4/($E$4*$C$4)*2*$D$4/$B$4)))*$L23<20,20,(1-ERF(R$10/SQRT(4*$F$4/($E$4*$C$4)*2*$D$4/$B$4)))*$L23) -> 24.618751 | S23: =IF((1-ERF(S$10/SQRT(4*$F$4/($E$4*$C$4)*2*$D$4/$B$4)))*$L23<20,20,(1-ERF(S$10/SQRT(4*$F$4/($E$4*$C$4)*2*$D$4/$B$4)))*$L23) -> 24.257022 | T23: =IF((1-ERF(T$10/SQRT(4*$F$4/($E$4*$C$4)*2*$D$4/$B$4)))*$L23<20,20,(1-ERF(T$10/SQRT(4*$F$4/($E$4*$C$4)*2*$D$4/$B$4)))*$L23) -> 23.896026 | ... BS23: =IF((1-ERF(BS$10/SQRT(4*$F$4/($E$4*$C$4)*2*$D$4/$B$4)))*$L23<20,20,(1-ERF(BS$10/SQRT(4*$F$4/($E$4*$C$4)*2*$D$4/$B$4)))*$L23) -> 20
B24: =B23+0.1 -> -1.001 | C24: =B24 -> -1.001 | E24: =($D$14*($B24+1))/2 -> -0.0028972455 | F24: =($D$14*($B24-1))/2 -> -5.7973883 | G24: =((C24+1)*(EXP(E24))*(BESSELK(-E24,0)-BESSELK(-E24,1)))+((1-C24)*EXP(F24)*(BESSELK(-F24,0)-BESSELK(-F24,1))) -> 0.33820406 | J24: =G24+H24+I24 -> 0.33820406 | K24: =J24/MAX($J$14:$J$57) -> 0.17266954 | L24: =IF($G$4>5,K24*$I$9,K24*$J$9)+20 -> 37.450666 | M24: =IF((1-ERF(M$10/SQRT(4*$F$4/($E$4*$C$4)*2*$D$4/$B$4)))*$L24<20,20,(1-ERF(M$10/SQRT(4*$F$4/($E$4*$C$4)*2*$D$4/$B$4)))*$L24) -> 36.942072 | N24: =IF((1-ERF(N$10/SQRT(4*$F$4/($E$4*$C$4)*2*$D$4/$B$4)))*$L24<20,20,(1-ERF(N$10/SQRT(4*$F$4/($E$4*$C$4)*2*$D$4/$B$4)))*$L24) -> 36.433625 | O24: =IF((1-ERF(O$10/SQRT(4*$F$4/($E$4*$C$4)*2*$D$4/$B$4)))*$L24<20,20,(1-ERF(O$10/SQRT(4*$F$4/($E$4*$C$4)*2*$D$4/$B$4)))*$L24) -> 35.925473 | P24: =IF((1-ERF(P$10/SQRT(4*$F$4/($E$4*$C$4)*2*$D$4/$B$4)))*$L24<20,20,(1-ERF(P$10/SQRT(4*$F$4/($E$4*$C$4)*2*$D$4/$B$4)))*$L24) -> 35.417762 | Q24: =IF((1-ERF(Q$10/SQRT(4*$F$4/($E$4*$C$4)*2*$D$4/$B$4)))*$L24<20,20,(1-ERF(Q$10/SQRT(4*$F$4/($E$4*$C$4)*2*$D$4/$B$4)))*$L24) -> 34.91064 | R24: =IF((1-ERF(R$10/SQRT(4*$F$4/($E$4*$C$4)*2*$D$4/$B$4)))*$L24<20,20,(1-ERF(R$10/SQRT(4*$F$4/($E$4*$C$4)*2*$D$4/$B$4)))*$L24) -> 34.404251 | S24: =IF((1-ERF(S$10/SQRT(4*$F$4/($E$4*$C$4)*2*$D$4/$B$4)))*$L24<20,20,(1-ERF(S$10/SQRT(4*$F$4/($E$4*$C$4)*2*$D$4/$B$4)))*$L24) -> 33.898742 | T24: =IF((1-ERF(T$10/SQRT(4*$F$4/($E$4*$C$4)*2*$D$4/$B$4)))*$L24<20,20,(1-ERF(T$10/SQRT(4*$F$4/($E$4*$C$4)*2*$D$4/$B$4)))*$L24) -> 33.394257 | ... BS24: =IF((1-ERF(BS$10/SQRT(4*$F$4/($E$4*$C$4)*2*$D$4/$B$4)))*$L24<20,20,(1-ERF(BS$10/SQRT(4*$F$4/($E$4*$C$4)*2*$D$4/$B$4)))*$L24) -> 20
B25: =B24+0.1 -> -0.901 | C25: =B25 -> -0.901 | E25: =($D$14*($B25+1))/2 -> 0.28682731 | F25: =($D$14*($B25-1))/2 -> -5.5076637 | H25: =(((C25+1)*EXP(E25))*(BESSELK(E25,0)+BESSELK(E25,1)))+(((1-C25)*EXP(F25))*(BESSELK(-F25,0)-BESSELK(-F25,1))) -> 0.61048555 | J25: =G25+H25+I25 -> 0.61048555 | K25: =J25/MAX($J$14:$J$57) -> 0.31168242 | L25: =IF($G$4>5,K25*$I$9,K25*$J$9)+20 -> 51.499857 | M25: =IF((1-ERF(M$10/SQRT(4*$F$4/($E$4*$C$4)*2*$D$4/$B$4)))*$L25<20,20,(1-ERF(M$10/SQRT(4*$F$4/($E$4*$C$4)*2*$D$4/$B$4)))*$L25) -> 50.80047 | N25: =IF((1-ERF(N$10/SQRT(4*$F$4/($E$4*$C$4)*2*$D$4/$B$4)))*$L25<20,20,(1-ERF(N$10/SQRT(4*$F$4/($E$4*$C$4)*2*$D$4/$B$4)))*$L25) -> 50.101285 | O25: =IF((1-ERF(O$10/SQRT(4*$F$4/($E$4*$C$4)*2*$D$4/$B$4)))*$L25<20,20,(1-ERF(O$10/SQRT(4*$F$4/($E$4*$C$4)*2*$D$4/$B$4)))*$L25) -> 49.402505 | P25: =IF((1-ERF(P$10/SQRT(4*$F$4/($E$4*$C$4)*2*$D$4/$B$4)))*$L25<20,20,(1-ERF(P$10/SQRT(4*$F$4/($E$4*$C$4)*2*$D$4/$B$4)))*$L25) -> 48.704333 | Q25: =IF((1-ERF(Q$10/SQRT(4*$F$4/($E$4*$C$4)*2*$D$4/$B$4)))*$L25<20,20,(1-ERF(Q$10/SQRT(4*$F$4/($E$4*$C$4)*2*$D$4/$B$4)))*$L25) -> 48.006969 | R25: =IF((1-ERF(R$10/SQRT(4*$F$4/($E$4*$C$4)*2*$D$4/$B$4)))*$L25<20,20,(1-ERF(R$10/SQRT(4*$F$4/($E$4*$C$4)*2*$D$4/$B$4)))*$L25) -> 47.310614 | S25: =IF((1-ERF(S$10/SQRT(4*$F$4/($E$4*$C$4)*2*$D$4/$B$4)))*$L25<20,20,(1-ERF(S$10/SQRT(4*$F$4/($E$4*$C$4)*2*$D$4/$B$4)))*$L25) -> 46.615469 | T25: =IF((1-ERF(T$10/SQRT(4*$F$4/($E$4*$C$4)*2*$D$4/$B$4)))*$L25<20,20,(1-ERF(T$10/SQRT(4*$F$4/($E$4*$C$4)*2*$D$4/$B$4)))*$L25) -> 45.921732 | ... BS25: =IF((1-ERF(BS$10/SQRT(4*$F$4/($E$4*$C$4)*2*$D$4/$B$4)))*$L25<20,20,(1-ERF(BS$10/SQRT(4*$F$4/($E$4*$C$4)*2*$D$4/$B$4)))*$L25) -> 20
B26: =B25+0.1 -> -0.801 | C26: =B26 -> -0.801 | E26: =($D$14*($B26+1))/2 -> 0.57655186 | F26: =($D$14*($B26-1))/2 -> -5.2179392 | H26: =(((C26+1)*EXP(E26))*(BESSELK(E26,0)+BESSELK(E26,1)))+(((1-C26)*EXP(F26))*(BESSELK(-F26,0)-BESSELK(-F26,1))) -> 0.77345862 | J26: =G26+H26+I26 -> 0.77345862 | K26: =J26/MAX($J$14:$J$57) -> 0.39488806 | L26: =IF($G$4>5,K26*$I$9,K26*$J$9)+20 -> 59.908948 | M26: =IF((1-ERF(M$10/SQRT(4*$F$4/($E$4*$C$4)*2*$D$4/$B$4)))*$L26<20,20,(1-ERF(M$10/SQRT(4*$F$4/($E$4*$C$4)*2*$D$4/$B$4)))*$L26) -> 59.095362 | N26: =IF((1-ERF(N$10/SQRT(4*$F$4/($E$4*$C$4)*2*$D$4/$B$4)))*$L26<20,20,(1-ERF(N$10/SQRT(4*$F$4/($E$4*$C$4)*2*$D$4/$B$4)))*$L26) -> 58.282011 | O26: =IF((1-ERF(O$10/SQRT(4*$F$4/($E$4*$C$4)*2*$D$4/$B$4)))*$L26<20,20,(1-ERF(O$10/SQRT(4*$F$4/($E$4*$C$4)*2*$D$4/$B$4)))*$L26) -> 57.469132 | P26: =IF((1-ERF(P$10/SQRT(4*$F$4/($E$4*$C$4)*2*$D$4/$B$4)))*$L26<20,20,(1-ERF(P$10/SQRT(4*$F$4/($E$4*$C$4)*2*$D$4/$B$4)))*$L26) -> 56.656959 | Q26: =IF((1-ERF(Q$10/SQRT(4*$F$4/($E$4*$C$4)*2*$D$4/$B$4)))*$L26<20,20,(1-ERF(Q$10/SQRT(4*$F$4/($E$4*$C$4)*2*$D$4/$B$4)))*$L26) -> 55.845727 | R26: =IF((1-ERF(R$10/SQRT(4*$F$4/($E$4*$C$4)*2*$D$4/$B$4)))*$L26<20,20,(1-ERF(R$10/SQRT(4*$F$4/($E$4*$C$4)*2*$D$4/$B$4)))*$L26) -> 55.035669 | S26: =IF((1-ERF(S$10/SQRT(4*$F$4/($E$4*$C$4)*2*$D$4/$B$4)))*$L26<20,20,(1-ERF(S$10/SQRT(4*$F$4/($E$4*$C$4)*2*$D$4/$B$4)))*$L26) -> 54.227018 | T26: =IF((1-ERF(T$10/SQRT(4*$F$4/($E$4*$C$4)*2*$D$4/$B$4)))*$L26<20,20,(1-ERF(T$10/SQRT(4*$F$4/($E$4*$C$4)*2*$D$4/$B$4)))*$L26) -> 53.420005 | ... BS26: =IF((1-ERF(BS$10/SQRT(4*$F$4/($E$4*$C$4)*2*$D$4/$B$4)))*$L26<20,20,(1-ERF(BS$10/SQRT(4*$F$4/($E$4*$C$4)*2*$D$4/$B$4)))*$L26) -> 20
B27: =B26+0.1 -> -0.701 | C27: =B27 -> -0.701 | E27: =($D$14*($B27+1))/2 -> 0.86627641 | F27: =($D$14*($B27-1))/2 -> -4.9282146 | H27: =(((C27+1)*EXP(E27))*(BESSELK(E27,0)+BESSELK(E27,1)))+(((1-C27)*EXP(F27))*(BESSELK(-F27,0)-BESSELK(-F27,1))) -> 0.90530232 | J27: =G27+H27+I27 -> 0.90530232 | K27: =J27/MAX($J$14:$J$57) -> 0.46220065 | L27: =IF($G$4>5,K27*$I$9,K27*$J$9)+20 -> 66.711824 | M27: =IF((1-ERF(M$10/SQRT(4*$F$4/($E$4*$C$4)*2*$D$4/$B$4)))*$L27<20,20,(1-ERF(M$10/SQRT(4*$F$4/($E$4*$C$4)*2*$D$4/$B$4)))*$L27) -> 65.805852 | N27: =IF((1-ERF(N$10/SQRT(4*$F$4/($E$4*$C$4)*2*$D$4/$B$4)))*$L27<20,20,(1-ERF(N$10/SQRT(4*$F$4/($E$4*$C$4)*2*$D$4/$B$4)))*$L27) -> 64.900143 | O27: =IF((1-ERF(O$10/SQRT(4*$F$4/($E$4*$C$4)*2*$D$4/$B$4)))*$L27<20,20,(1-ERF(O$10/SQRT(4*$F$4/($E$4*$C$4)*2*$D$4/$B$4)))*$L27) -> 63.994959 | P27: =IF((1-ERF(P$10/SQRT(4*$F$4/($E$4*$C$4)*2*$D$4/$B$4)))*$L27<20,20,(1-ERF(P$10/SQRT(4*$F$4/($E$4*$C$4)*2*$D$4/$B$4)))*$L27) -> 63.090561 | Q27: =IF((1-ERF(Q$10/SQRT(4*$F$4/($E$4*$C$4)*2*$D$4/$B$4)))*$L27<20,20,(1-ERF(Q$10/SQRT(4*$F$4/($E$4*$C$4)*2*$D$4/$B$4)))*$L27) -> 62.18721 | R27: =IF((1-ERF(R$10/SQRT(4*$F$4/($E$4*$C$4)*2*$D$4/$B$4)))*$L27<20,20,(1-ERF(R$10/SQRT(4*$F$4/($E$4*$C$4)*2*$D$4/$B$4)))*$L27) -> 61.285167 | S27: =IF((1-ERF(S$10/SQRT(4*$F$4/($E$4*$C$4)*2*$D$4/$B$4)))*$L27<20,20,(1-ERF(S$10/SQRT(4*$F$4/($E$4*$C$4)*2*$D$4/$B$4)))*$L27) -> 60.384691 | T27: =IF((1-ERF(T$10/SQRT(4*$F$4/($E$4*$C$4)*2*$D$4/$B$4)))*$L27<20,20,(1-ERF(T$10/SQRT(4*$F$4/($E$4*$C$4)*2*$D$4/$B$4)))*$L27) -> 59.486039 | ... BS27: =IF((1-ERF(BS$10/SQRT(4*$F$4/($E$4*$C$4)*2*$D$4/$B$4)))*$L27<20,20,(1-ERF(BS$10/SQRT(4*$F$4/($E$4*$C$4)*2*$D$4/$B$4)))*$L27) -> 20
B28: =B27+0.1 -> -0.601 | C28: =B28 -> -0.601 | E28: =($D$14*($B28+1))/2 -> 1.156001 | F28: =($D$14*($B28-1))/2 -> -4.6384901 | H28: =(((C28+1)*EXP(E28))*(BESSELK(E28,0)+BESSELK(E28,1)))+(((1-C28)*EXP(F28))*(BESSELK(-F28,0)-BESSELK(-F28,1))) -> 1.0194253 | J28: =G28+H28+I28 -> 1.0194253 | K28: =J28/MAX($J$14:$J$57) -> 0.52046598 | L28: =IF($G$4>5,K28*$I$9,K28*$J$9)+20 -> 72.600348 | M28: =IF((1-ERF(M$10/SQRT(4*$F$4/($E$4*$C$4)*2*$D$4/$B$4)))*$L28<20,20,(1-ERF(M$10/SQRT(4*$F$4/($E$4*$C$4)*2*$D$4/$B$4)))*$L28) -> 71.614408 | N28: =IF((1-ERF(N$10/SQRT(4*$F$4/($E$4*$C$4)*2*$D$4/$B$4)))*$L28<20,20,(1-ERF(N$10/SQRT(4*$F$4/($E$4*$C$4)*2*$D$4/$B$4)))*$L28) -> 70.628754 | O28: =IF((1-ERF(O$10/SQRT(4*$F$4/($E$4*$C$4)*2*$D$4/$B$4)))*$L28<20,20,(1-ERF(O$10/SQRT(4*$F$4/($E$4*$C$4)*2*$D$4/$B$4)))*$L28) -> 69.64367 | P28: =IF((1-ERF(P$10/SQRT(4*$F$4/($E$4*$C$4)*2*$D$4/$B$4)))*$L28<20,20,(1-ERF(P$10/SQRT(4*$F$4/($E$4*$C$4)*2*$D$4/$B$4)))*$L28) -> 68.659443 | Q28: =IF((1-ERF(Q$10/SQRT(4*$F$4/($E$4*$C$4)*2*$D$4/$B$4)))*$L28<20,20,(1-ERF(Q$10/SQRT(4*$F$4/($E$4*$C$4)*2*$D$4/$B$4)))*$L28) -> 67.676355 | R28: =IF((1-ERF(R$10/SQRT(4*$F$4/($E$4*$C$4)*2*$D$4/$B$4)))*$L28<20,20,(1-ERF(R$10/SQRT(4*$F$4/($E$4*$C$4)*2*$D$4/$B$4)))*$L28) -> 66.694691 | S28: =IF((1-ERF(S$10/SQRT(4*$F$4/($E$4*$C$4)*2*$D$4/$B$4)))*$L28<20,20,(1-ERF(S$10/SQRT(4*$F$4/($E$4*$C$4)*2*$D$4/$B$4)))*$L28) -> 65.714731 | T28: =IF((1-ERF(T$10/SQRT(4*$F$4/($E$4*$C$4)*2*$D$4/$B$4)))*$L28<20,20,(1-ERF(T$10/SQRT(4*$F$4/($E$4*$C$4)*2*$D$4/$B$4)))*$L28) -> 64.736757 | ... BS28: =IF((1-ERF(BS$10/SQRT(4*$F$4/($E$4*$C$4)*2*$D$4/$B$4)))*$L28<20,20,(1-ERF(BS$10/SQRT(4*$F$4/($E$4*$C$4)*2*$D$4/$B$4)))*$L28) -> 20
B29: =B28+0.1 -> -0.501 | C29: =B29 -> -0.501 | E29: =($D$14*($B29+1))/2 -> 1.4457255 | F29: =($D$14*($B29-1))/2 -> -4.3487655 | H29: =(((C29+1)*EXP(E29))*(BESSELK(E29,0)+BESSELK(E29,1)))+(((1-C29)*EXP(F29))*(BESSELK(-F29,0)-BESSELK(-F29,1))) -> 1.1216116 | J29: =G29+H29+I29 -> 1.1216116 | K29: =J29/MAX($J$14:$J$57) -> 0.57263702 | L29: =IF($G$4>5,K29*$I$9,K29*$J$9)+20 -> 77.87296 | M29: =IF((1-ERF(M$10/SQRT(4*$F$4/($E$4*$C$4)*2*$D$4/$B$4)))*$L29<20,20,(1-ERF(M$10/SQRT(4*$F$4/($E$4*$C$4)*2*$D$4/$B$4)))*$L29) -> 76.815416 | N29: =IF((1-ERF(N$10/SQRT(4*$F$4/($E$4*$C$4)*2*$D$4/$B$4)))*$L29<20,20,(1-ERF(N$10/SQRT(4*$F$4/($E$4*$C$4)*2*$D$4/$B$4)))*$L29) -> 75.758179 | O29: =IF((1-ERF(O$10/SQRT(4*$F$4/($E$4*$C$4)*2*$D$4/$B$4)))*$L29<20,20,(1-ERF(O$10/SQRT(4*$F$4/($E$4*$C$4)*2*$D$4/$B$4)))*$L29) -> 74.701553 | P29: =IF((1-ERF(P$10/SQRT(4*$F$4/($E$4*$C$4)*2*$D$4/$B$4)))*$L29<20,20,(1-ERF(P$10/SQRT(4*$F$4/($E$4*$C$4)*2*$D$4/$B$4)))*$L29) -> 73.645846 | Q29: =IF((1-ERF(Q$10/SQRT(4*$F$4/($E$4*$C$4)*2*$D$4/$B$4)))*$L29<20,20,(1-ERF(Q$10/SQRT(4*$F$4/($E$4*$C$4)*2*$D$4/$B$4)))*$L29) -> 72.591362 | R29: =IF((1-ERF(R$10/SQRT(4*$F$4/($E$4*$C$4)*2*$D$4/$B$4)))*$L29<20,20,(1-ERF(R$10/SQRT(4*$F$4/($E$4*$C$4)*2*$D$4/$B$4)))*$L29) -> 71.538404 | S29: =IF((1-ERF(S$10/SQRT(4*$F$4/($E$4*$C$4)*2*$D$4/$B$4)))*$L29<20,20,(1-ERF(S$10/SQRT(4*$F$4/($E$4*$C$4)*2*$D$4/$B$4)))*$L29) -> 70.487274 | T29: =IF((1-ERF(T$10/SQRT(4*$F$4/($E$4*$C$4)*2*$D$4/$B$4)))*$L29<20,20,(1-ERF(T$10/SQRT(4*$F$4/($E$4*$C$4)*2*$D$4/$B$4)))*$L29) -> 69.438274 | ... BS29: =IF((1-ERF(BS$10/SQRT(4*$F$4/($E$4*$C$4)*2*$D$4/$B$4)))*$L29<20,20,(1-ERF(BS$10/SQRT(4*$F$4/($E$4*$C$4)*2*$D$4/$B$4)))*$L29) -> 20
B30: =B29+0.1 -> -0.401 | C30: =B30 -> -0.401 | E30: =($D$14*($B30+1))/2 -> 1.7354501 | F30: =($D$14*($B30-1))/2 -> -4.059041 | H30: =(((C30+1)*EXP(E30))*(BESSELK(E30,0)+BESSELK(E30,1)))+(((1-C30)*EXP(F30))*(BESSELK(-F30,0)-BESSELK(-F30,1))) -> 1.2150187 | J30: =G30+H30+I30 -> 1.2150187 | K30: =J30/MAX($J$14:$J$57) -> 0.62032584 | L30: =IF($G$4>5,K30*$I$9,K30*$J$9)+20 -> 82.69258 | M30: =IF((1-ERF(M$10/SQRT(4*$F$4/($E$4*$C$4)*2*$D$4/$B$4)))*$L30<20,20,(1-ERF(M$10/SQRT(4*$F$4/($E$4*$C$4)*2*$D$4/$B$4)))*$L30) -> 81.569584 | N30: =IF((1-ERF(N$10/SQRT(4*$F$4/($E$4*$C$4)*2*$D$4/$B$4)))*$L30<20,20,(1-ERF(N$10/SQRT(4*$F$4/($E$4*$C$4)*2*$D$4/$B$4)))*$L30) -> 80.446913 | O30: =IF((1-ERF(O$10/SQRT(4*$F$4/($E$4*$C$4)*2*$D$4/$B$4)))*$L30<20,20,(1-ERF(O$10/SQRT(4*$F$4/($E$4*$C$4)*2*$D$4/$B$4)))*$L30) -> 79.324893 | P30: =IF((1-ERF(P$10/SQRT(4*$F$4/($E$4*$C$4)*2*$D$4/$B$4)))*$L30<20,20,(1-ERF(P$10/SQRT(4*$F$4/($E$4*$C$4)*2*$D$4/$B$4)))*$L30) -> 78.203847 | Q30: =IF((1-ERF(Q$10/SQRT(4*$F$4/($E$4*$C$4)*2*$D$4/$B$4)))*$L30<20,20,(1-ERF(Q$10/SQRT(4*$F$4/($E$4*$C$4)*2*$D$4/$B$4)))*$L30) -> 77.0841 | R30: =IF((1-ERF(R$10/SQRT(4*$F$4/($E$4*$C$4)*2*$D$4/$B$4)))*$L30<20,20,(1-ERF(R$10/SQRT(4*$F$4/($E$4*$C$4)*2*$D$4/$B$4)))*$L30) -> 75.965973 | S30: =IF((1-ERF(S$10/SQRT(4*$F$4/($E$4*$C$4)*2*$D$4/$B$4)))*$L30<20,20,(1-ERF(S$10/SQRT(4*$F$4/($E$4*$C$4)*2*$D$4/$B$4)))*$L30) -> 74.849789 | T30: =IF((1-ERF(T$10/SQRT(4*$F$4/($E$4*$C$4)*2*$D$4/$B$4)))*$L30<20,20,(1-ERF(T$10/SQRT(4*$F$4/($E$4*$C$4)*2*$D$4/$B$4)))*$L30) -> 73.735865 | ... BS30: =IF((1-ERF(BS$10/SQRT(4*$F$4/($E$4*$C$4)*2*$D$4/$B$4)))*$L30<20,20,(1-ERF(BS$10/SQRT(4*$F$4/($E$4*$C$4)*2*$D$4/$B$4)))*$L30) -> 20
B31: =B30+0.1 -> -0.301 | C31: =B31 -> -0.301 | E31: =($D$14*($B31+1))/2 -> 2.0251746 | F31: =($D$14*($B31-1))/2 -> -3.7693164 | H31: =(((C31+1)*EXP(E31))*(BESSELK(E31,0)+BESSELK(E31,1)))+(((1-C31)*EXP(F31))*(BESSELK(-F31,0)-BESSELK(-F31,1))) -> 1.3016011 | J31: =G31+H31+I31 -> 1.3016011 | K31: =J31/MAX($J$14:$J$57) -> 0.66453037 | L31: =IF($G$4>5,K31*$I$9,K31*$J$9)+20 -> 87.160065 | M31: =IF((1-ERF(M$10/SQRT(4*$F$4/($E$4*$C$4)*2*$D$4/$B$4)))*$L31<20,20,(1-ERF(M$10/SQRT(4*$F$4/($E$4*$C$4)*2*$D$4/$B$4)))*$L31) -> 85.976399 | N31: =IF((1-ERF(N$10/SQRT(4*$F$4/($E$4*$C$4)*2*$D$4/$B$4)))*$L31<20,20,(1-ERF(N$10/SQRT(4*$F$4/($E$4*$C$4)*2*$D$4/$B$4)))*$L31) -> 84.793075 | O31: =IF((1-ERF(O$10/SQRT(4*$F$4/($E$4*$C$4)*2*$D$4/$B$4)))*$L31<20,20,(1-ERF(O$10/SQRT(4*$F$4/($E$4*$C$4)*2*$D$4/$B$4)))*$L31) -> 83.610437 | P31: =IF((1-ERF(P$10/SQRT(4*$F$4/($E$4*$C$4)*2*$D$4/$B$4)))*$L31<20,20,(1-ERF(P$10/SQRT(4*$F$4/($E$4*$C$4)*2*$D$4/$B$4)))*$L31) -> 82.428827 | Q31: =IF((1-ERF(Q$10/SQRT(4*$F$4/($E$4*$C$4)*2*$D$4/$B$4)))*$L31<20,20,(1-ERF(Q$10/SQRT(4*$F$4/($E$4*$C$4)*2*$D$4/$B$4)))*$L31) -> 81.248585 | R31: =IF((1-ERF(R$10/SQRT(4*$F$4/($E$4*$C$4)*2*$D$4/$B$4)))*$L31<20,20,(1-ERF(R$10/SQRT(4*$F$4/($E$4*$C$4)*2*$D$4/$B$4)))*$L31) -> 80.070051 | S31: =IF((1-ERF(S$10/SQRT(4*$F$4/($E$4*$C$4)*2*$D$4/$B$4)))*$L31<20,20,(1-ERF(S$10/SQRT(4*$F$4/($E$4*$C$4)*2*$D$4/$B$4)))*$L31) -> 78.893564 | T31: =IF((1-ERF(T$10/SQRT(4*$F$4/($E$4*$C$4)*2*$D$4/$B$4)))*$L31<20,20,(1-ERF(T$10/SQRT(4*$F$4/($E$4*$C$4)*2*$D$4/$B$4)))*$L31) -> 77.719461 | ... BS31: =IF((1-ERF(BS$10/SQRT(4*$F$4/($E$4*$C$4)*2*$D$4/$B$4)))*$L31<20,20,(1-ERF(BS$10/SQRT(4*$F$4/($E$4*$C$4)*2*$D$4/$B$4)))*$L31) -> 20
B32: =B31+0.1 -> -0.201 | C32: =B32 -> -0.201 | E32: =($D$14*($B32+1))/2 -> 2.3148992 | F32: =($D$14*($B32-1))/2 -> -3.4795919 | H32: =(((C32+1)*EXP(E32))*(BESSELK(E32,0)+BESSELK(E32,1)))+(((1-C32)*EXP(F32))*(BESSELK(-F32,0)-BESSELK(-F32,1))) -> 1.3826675 | J32: =G32+H32+I32 -> 1.3826675 | K32: =J32/MAX($J$14:$J$57) -> 0.70591866 | L32: =IF($G$4>5,K32*$I$9,K32*$J$9)+20 -> 91.342929 | M32: =IF((1-ERF(M$10/SQRT(4*$F$4/($E$4*$C$4)*2*$D$4/$B$4)))*$L32<20,20,(1-ERF(M$10/SQRT(4*$F$4/($E$4*$C$4)*2*$D$4/$B$4)))*$L32) -> 90.102457 | N32: =IF((1-ERF(N$10/SQRT(4*$F$4/($E$4*$C$4)*2*$D$4/$B$4)))*$L32<20,20,(1-ERF(N$10/SQRT(4*$F$4/($E$4*$C$4)*2*$D$4/$B$4)))*$L32) -> 88.862346 | O32: =IF((1-ERF(O$10/SQRT(4*$F$4/($E$4*$C$4)*2*$D$4/$B$4)))*$L32<20,20,(1-ERF(O$10/SQRT(4*$F$4/($E$4*$C$4)*2*$D$4/$B$4)))*$L32) -> 87.622952 | P32: =IF((1-ERF(P$10/SQRT(4*$F$4/($E$4*$C$4)*2*$D$4/$B$4)))*$L32<20,20,(1-ERF(P$10/SQRT(4*$F$4/($E$4*$C$4)*2*$D$4/$B$4)))*$L32) -> 86.384635 | Q32: =IF((1-ERF(Q$10/SQRT(4*$F$4/($E$4*$C$4)*2*$D$4/$B$4)))*$L32<20,20,(1-ERF(Q$10/SQRT(4*$F$4/($E$4*$C$4)*2*$D$4/$B$4)))*$L32) -> 85.147753 | R32: =IF((1-ERF(R$10/SQRT(4*$F$4/($E$4*$C$4)*2*$D$4/$B$4)))*$L32<20,20,(1-ERF(R$10/SQRT(4*$F$4/($E$4*$C$4)*2*$D$4/$B$4)))*$L32) -> 83.912661 | S32: =IF((1-ERF(S$10/SQRT(4*$F$4/($E$4*$C$4)*2*$D$4/$B$4)))*$L32<20,20,(1-ERF(S$10/SQRT(4*$F$4/($E$4*$C$4)*2*$D$4/$B$4)))*$L32) -> 82.679714 | T32: =IF((1-ERF(T$10/SQRT(4*$F$4/($E$4*$C$4)*2*$D$4/$B$4)))*$L32<20,20,(1-ERF(T$10/SQRT(4*$F$4/($E$4*$C$4)*2*$D$4/$B$4)))*$L32) -> 81.449265 | ... BS32: =IF((1-ERF(BS$10/SQRT(4*$F$4/($E$4*$C$4)*2*$D$4/$B$4)))*$L32<20,20,(1-ERF(BS$10/SQRT(4*$F$4/($E$4*$C$4)*2*$D$4/$B$4)))*$L32) -> 20
B33: =B32+0.1 -> -0.101 | C33: =B33 -> -0.101 | E33: =($D$14*($B33+1))/2 -> 2.6046237 | F33: =($D$14*($B33-1))/2 -> -3.1898673 | H33: =(((C33+1)*EXP(E33))*(BESSELK(E33,0)+BESSELK(E33,1)))+(((1-C33)*EXP(F33))*(BESSELK(-F33,0)-BESSELK(-F33,1))) -> 1.4591377 | J33: =G33+H33+I33 -> 1.4591377 | K33: =J33/MAX($J$14:$J$57) -> 0.74496041 | L33: =IF($G$4>5,K33*$I$9,K33*$J$9)+20 -> 95.288642 | M33: =IF((1-ERF(M$10/SQRT(4*$F$4/($E$4*$C$4)*2*$D$4/$B$4)))*$L33<20,20,(1-ERF(M$10/SQRT(4*$F$4/($E$4*$C$4)*2*$D$4/$B$4)))*$L33) -> 93.994587 | N33: =IF((1-ERF(N$10/SQRT(4*$F$4/($E$4*$C$4)*2*$D$4/$B$4)))*$L33<20,20,(1-ERF(N$10/SQRT(4*$F$4/($E$4*$C$4)*2*$D$4/$B$4)))*$L33) -> 92.700906 | O33: =IF((1-ERF(O$10/SQRT(4*$F$4/($E$4*$C$4)*2*$D$4/$B$4)))*$L33<20,20,(1-ERF(O$10/SQRT(4*$F$4/($E$4*$C$4)*2*$D$4/$B$4)))*$L33) -> 91.407975 | P33: =IF((1-ERF(P$10/SQRT(4*$F$4/($E$4*$C$4)*2*$D$4/$B$4)))*$L33<20,20,(1-ERF(P$10/SQRT(4*$F$4/($E$4*$C$4)*2*$D$4/$B$4)))*$L33) -> 90.116167 | Q33: =IF((1-ERF(Q$10/SQRT(4*$F$4/($E$4*$C$4)*2*$D$4/$B$4)))*$L33<20,20,(1-ERF(Q$10/SQRT(4*$F$4/($E$4*$C$4)*2*$D$4/$B$4)))*$L33) -> 88.825855 | R33: =IF((1-ERF(R$10/SQRT(4*$F$4/($E$4*$C$4)*2*$D$4/$B$4)))*$L33<20,20,(1-ERF(R$10/SQRT(4*$F$4/($E$4*$C$4)*2*$D$4/$B$4)))*$L33) -> 87.537411 | S33: =IF((1-ERF(S$10/SQRT(4*$F$4/($E$4*$C$4)*2*$D$4/$B$4)))*$L33<20,20,(1-ERF(S$10/SQRT(4*$F$4/($E$4*$C$4)*2*$D$4/$B$4)))*$L33) -> 86.251205 | T33: =IF((1-ERF(T$10/SQRT(4*$F$4/($E$4*$C$4)*2*$D$4/$B$4)))*$L33<20,20,(1-ERF(T$10/SQRT(4*$F$4/($E$4*$C$4)*2*$D$4/$B$4)))*$L33) -> 84.967605 | ... BS33: =IF((1-ERF(BS$10/SQRT(4*$F$4/($E$4*$C$4)*2*$D$4/$B$4)))*$L33<20,20,(1-ERF(BS$10/SQRT(4*$F$4/($E$4*$C$4)*2*$D$4/$B$4)))*$L33) -> 20
B34: =B33+0.1 -> -0.001 | C34: =B34 -> -0.001 | E34: =($D$14*($B34+1))/2 -> 2.8943483 | F34: =($D$14*($B34-1))/2 -> -2.9001428 | H34: =(((C34+1)*EXP(E34))*(BESSELK(E34,0)+BESSELK(E34,1)))+(((1-C34)*EXP(F34))*(BESSELK(-F34,0)-BESSELK(-F34,1))) -> 1.5316742 | J34: =G34+H34+I34 -> 1.5316742 | K34: =J34/MAX($J$14:$J$57) -> 0.78199381 | L34: =IF($G$4>5,K34*$I$9,K34*$J$9)+20 -> 99.031384 | M34: =IF((1-ERF(M$10/SQRT(4*$F$4/($E$4*$C$4)*2*$D$4/$B$4)))*$L34<20,20,(1-ERF(M$10/SQRT(4*$F$4/($E$4*$C$4)*2*$D$4/$B$4)))*$L34) -> 97.686501 | N34: =IF((1-ERF(N$10/SQRT(4*$F$4/($E$4*$C$4)*2*$D$4/$B$4)))*$L34<20,20,(1-ERF(N$10/SQRT(4*$F$4/($E$4*$C$4)*2*$D$4/$B$4)))*$L34) -> 96.342007 | O34: =IF((1-ERF(O$10/SQRT(4*$F$4/($E$4*$C$4)*2*$D$4/$B$4)))*$L34<20,20,(1-ERF(O$10/SQRT(4*$F$4/($E$4*$C$4)*2*$D$4/$B$4)))*$L34) -> 94.998292 | P34: =IF((1-ERF(P$10/SQRT(4*$F$4/($E$4*$C$4)*2*$D$4/$B$4)))*$L34<20,20,(1-ERF(P$10/SQRT(4*$F$4/($E$4*$C$4)*2*$D$4/$B$4)))*$L34) -> 93.655745 | Q34: =IF((1-ERF(Q$10/SQRT(4*$F$4/($E$4*$C$4)*2*$D$4/$B$4)))*$L34<20,20,(1-ERF(Q$10/SQRT(4*$F$4/($E$4*$C$4)*2*$D$4/$B$4)))*$L34) -> 92.314752 | R34: =IF((1-ERF(R$10/SQRT(4*$F$4/($E$4*$C$4)*2*$D$4/$B$4)))*$L34<20,20,(1-ERF(R$10/SQRT(4*$F$4/($E$4*$C$4)*2*$D$4/$B$4)))*$L34) -> 90.975701 | S34: =IF((1-ERF(S$10/SQRT(4*$F$4/($E$4*$C$4)*2*$D$4/$B$4)))*$L34<20,20,(1-ERF(S$10/SQRT(4*$F$4/($E$4*$C$4)*2*$D$4/$B$4)))*$L34) -> 89.638975 | T34: =IF((1-ERF(T$10/SQRT(4*$F$4/($E$4*$C$4)*2*$D$4/$B$4)))*$L34<20,20,(1-ERF(T$10/SQRT(4*$F$4/($E$4*$C$4)*2*$D$4/$B$4)))*$L34) -> 88.304957 | ... BS34: =IF((1-ERF(BS$10/SQRT(4*$F$4/($E$4*$C$4)*2*$D$4/$B$4)))*$L34<20,20,(1-ERF(BS$10/SQRT(4*$F$4/($E$4*$C$4)*2*$D$4/$B$4)))*$L34) -> 20
B35: =B34+0.1 -> 0.099 | C35: =B35 -> 0.099 | E35: =($D$14*($B35+1))/2 -> 3.1840728 | F35: =($D$14*($B35-1))/2 -> -2.6104182 | H35: =(((C35+1)*EXP(E35))*(BESSELK(E35,0)+BESSELK(E35,1)))+(((1-C35)*EXP(F35))*(BESSELK(-F35,0)-BESSELK(-F35,1))) -> 1.6007465 | J35: =G35+H35+I35 -> 1.6007465 | K35: =J35/MAX($J$14:$J$57) -> 0.81725858 | L35: =IF($G$4>5,K35*$I$9,K35*$J$9)+20 -> 102.59538 | M35: =IF((1-ERF(M$10/SQRT(4*$F$4/($E$4*$C$4)*2*$D$4/$B$4)))*$L35<20,20,(1-ERF(M$10/SQRT(4*$F$4/($E$4*$C$4)*2*$D$4/$B$4)))*$L35) -> 101.2021 | N35: =IF((1-ERF(N$10/SQRT(4*$F$4/($E$4*$C$4)*2*$D$4/$B$4)))*$L35<20,20,(1-ERF(N$10/SQRT(4*$F$4/($E$4*$C$4)*2*$D$4/$B$4)))*$L35) -> 99.809217 | O35: =IF((1-ERF(O$10/SQRT(4*$F$4/($E$4*$C$4)*2*$D$4/$B$4)))*$L35<20,20,(1-ERF(O$10/SQRT(4*$F$4/($E$4*$C$4)*2*$D$4/$B$4)))*$L35) -> 98.417144 | P35: =IF((1-ERF(P$10/SQRT(4*$F$4/($E$4*$C$4)*2*$D$4/$B$4)))*$L35<20,20,(1-ERF(P$10/SQRT(4*$F$4/($E$4*$C$4)*2*$D$4/$B$4)))*$L35) -> 97.02628 | Q35: =IF((1-ERF(Q$10/SQRT(4*$F$4/($E$4*$C$4)*2*$D$4/$B$4)))*$L35<20,20,(1-ERF(Q$10/SQRT(4*$F$4/($E$4*$C$4)*2*$D$4/$B$4)))*$L35) -> 95.637027 | R35: =IF((1-ERF(R$10/SQRT(4*$F$4/($E$4*$C$4)*2*$D$4/$B$4)))*$L35<20,20,(1-ERF(R$10/SQRT(4*$F$4/($E$4*$C$4)*2*$D$4/$B$4)))*$L35) -> 94.249785 | S35: =IF((1-ERF(S$10/SQRT(4*$F$4/($E$4*$C$4)*2*$D$4/$B$4)))*$L35<20,20,(1-ERF(S$10/SQRT(4*$F$4/($E$4*$C$4)*2*$D$4/$B$4)))*$L35) -> 92.864952 | T35: =IF((1-ERF(T$10/SQRT(4*$F$4/($E$4*$C$4)*2*$D$4/$B$4)))*$L35<20,20,(1-ERF(T$10/SQRT(4*$F$4/($E$4*$C$4)*2*$D$4/$B$4)))*$L35) -> 91.482925 | ... BS35: =IF((1-ERF(BS$10/SQRT(4*$F$4/($E$4*$C$4)*2*$D$4/$B$4)))*$L35<20,20,(1-ERF(BS$10/SQRT(4*$F$4/($E$4*$C$4)*2*$D$4/$B$4)))*$L35) -> 20
B36: =B35+0.1 -> 0.199 | C36: =B36 -> 0.199 | E36: =($D$14*($B36+1))/2 -> 3.4737974 | F36: =($D$14*($B36-1))/2 -> -2.3206937 | H36: =(((C36+1)*EXP(E36))*(BESSELK(E36,0)+BESSELK(E36,1)))+(((1-C36)*EXP(F36))*(BESSELK(-F36,0)-BESSELK(-F36,1))) -> 1.6666519 | J36: =G36+H36+I36 -> 1.6666519 | K36: =J36/MAX($J$14:$J$57) -> 0.85090644 | L36: =IF($G$4>5,K36*$I$9,K36*$J$9)+20 -> 105.99597 | M36: =IF((1-ERF(M$10/SQRT(4*$F$4/($E$4*$C$4)*2*$D$4/$B$4)))*$L36<20,20,(1-ERF(M$10/SQRT(4*$F$4/($E$4*$C$4)*2*$D$4/$B$4)))*$L36) -> 104.5565 | N36: =IF((1-ERF(N$10/SQRT(4*$F$4/($E$4*$C$4)*2*$D$4/$B$4)))*$L36<20,20,(1-ERF(N$10/SQRT(4*$F$4/($E$4*$C$4)*2*$D$4/$B$4)))*$L36) -> 103.11745 | O36: =IF((1-ERF(O$10/SQRT(4*$F$4/($E$4*$C$4)*2*$D$4/$B$4)))*$L36<20,20,(1-ERF(O$10/SQRT(4*$F$4/($E$4*$C$4)*2*$D$4/$B$4)))*$L36) -> 101.67924 | P36: =IF((1-ERF(P$10/SQRT(4*$F$4/($E$4*$C$4)*2*$D$4/$B$4)))*$L36<20,20,(1-ERF(P$10/SQRT(4*$F$4/($E$4*$C$4)*2*$D$4/$B$4)))*$L36) -> 100.24227 | Q36: =IF((1-ERF(Q$10/SQRT(4*$F$4/($E$4*$C$4)*2*$D$4/$B$4)))*$L36<20,20,(1-ERF(Q$10/SQRT(4*$F$4/($E$4*$C$4)*2*$D$4/$B$4)))*$L36) -> 98.806974 | R36: =IF((1-ERF(R$10/SQRT(4*$F$4/($E$4*$C$4)*2*$D$4/$B$4)))*$L36<20,20,(1-ERF(R$10/SQRT(4*$F$4/($E$4*$C$4)*2*$D$4/$B$4)))*$L36) -> 97.373751 | S36: =IF((1-ERF(S$10/SQRT(4*$F$4/($E$4*$C$4)*2*$D$4/$B$4)))*$L36<20,20,(1-ERF(S$10/SQRT(4*$F$4/($E$4*$C$4)*2*$D$4/$B$4)))*$L36) -> 95.943017 | T36: =IF((1-ERF(T$10/SQRT(4*$F$4/($E$4*$C$4)*2*$D$4/$B$4)))*$L36<20,20,(1-ERF(T$10/SQRT(4*$F$4/($E$4*$C$4)*2*$D$4/$B$4)))*$L36) -> 94.515182 | ... BS36: =IF((1-ERF(BS$10/SQRT(4*$F$4/($E$4*$C$4)*2*$D$4/$B$4)))*$L36<20,20,(1-ERF(BS$10/SQRT(4*$F$4/($E$4*$C$4)*2*$D$4/$B$4)))*$L36) -> 20
... B44: =B43+0.1 -> 0.999 | C44: =B44 -> 0.999 | E44: =($D$14*($B44+1))/2 -> 5.7915938 | F44: =($D$14*($B44-1))/2 -> -0.0028972455 | H44: =(((C44+1)*EXP(E44))*(BESSELK(E44,0)+BESSELK(E44,1)))+(((1-C44)*EXP(F44))*(BESSELK(-F44,0)-BESSELK(-F44,1))) -> 1.7875219 | J44: =G44+H44+I44 -> 1.7875219 | K44: =J44/MAX($J$14:$J$57) -> 0.91261647 | L44: =IF($G$4>5,K44*$I$9,K44*$J$9)+20 -> 112.23263 | M44: =IF((1-ERF(M$10/SQRT(4*$F$4/($E$4*$C$4)*2*$D$4/$B$4)))*$L44<20,20,(1-ERF(M$10/SQRT(4*$F$4/($E$4*$C$4)*2*$D$4/$B$4)))*$L44) -> 110.70846 | N44: =IF((1-ERF(N$10/SQRT(4*$F$4/($E$4*$C$4)*2*$D$4/$B$4)))*$L44<20,20,(1-ERF(N$10/SQRT(4*$F$4/($E$4*$C$4)*2*$D$4/$B$4)))*$L44) -> 109.18475 | O44: =IF((1-ERF(O$10/SQRT(4*$F$4/($E$4*$C$4)*2*$D$4/$B$4)))*$L44<20,20,(1-ERF(O$10/SQRT(4*$F$4/($E$4*$C$4)*2*$D$4/$B$4)))*$L44) -> 107.66191 | P44: =IF((1-ERF(P$10/SQRT(4*$F$4/($E$4*$C$4)*2*$D$4/$B$4)))*$L44<20,20,(1-ERF(P$10/SQRT(4*$F$4/($E$4*$C$4)*2*$D$4/$B$4)))*$L44) -> 106.14039 | Q44: =IF((1-ERF(Q$10/SQRT(4*$F$4/($E$4*$C$4)*2*$D$4/$B$4)))*$L44<20,20,(1-ERF(Q$10/SQRT(4*$F$4/($E$4*$C$4)*2*$D$4/$B$4)))*$L44) -> 104.62064 | R44: =IF((1-ERF(R$10/SQRT(4*$F$4/($E$4*$C$4)*2*$D$4/$B$4)))*$L44<20,20,(1-ERF(R$10/SQRT(4*$F$4/($E$4*$C$4)*2*$D$4/$B$4)))*$L44) -> 103.10309 | S44: =IF((1-ERF(S$10/SQRT(4*$F$4/($E$4*$C$4)*2*$D$4/$B$4)))*$L44<20,20,(1-ERF(S$10/SQRT(4*$F$4/($E$4*$C$4)*2*$D$4/$B$4)))*$L44) -> 101.58817 | T44: =IF((1-ERF(T$10/SQRT(4*$F$4/($E$4*$C$4)*2*$D$4/$B$4)))*$L44<20,20,(1-ERF(T$10/SQRT(4*$F$4/($E$4*$C$4)*2*$D$4/$B$4)))*$L44) -> 100.07633 | ... BS44: =IF((1-ERF(BS$10/SQRT(4*$F$4/($E$4*$C$4)*2*$D$4/$B$4)))*$L44<20,20,(1-ERF(BS$10/SQRT(4*$F$4/($E$4*$C$4)*2*$D$4/$B$4)))*$L44) -> 20
B45: =B44+0.1 -> 1.099 | C45: =B45 -> 1.099 | E45: =($D$14*($B45+1))/2 -> 6.0813183 | F45: =($D$14*($B45-1))/2 -> 0.28682731 | I45: =(((C45+1)*EXP(E45))*(BESSELK(E45,0)+BESSELK(E45,1)))+(((1-C45)*EXP(F45))*(BESSELK(F45,0)+BESSELK(F45,1))) -> 1.5656878 | J45: =G45+H45+I45 -> 1.5656878 | K45: =J45/MAX($J$14:$J$57) -> 0.79935938 | L45: =IF($G$4>5,K45*$I$9,K45*$J$9)+20 -> 100.78642 | M45: =IF((1-ERF(M$10/SQRT(4*$F$4/($E$4*$C$4)*2*$D$4/$B$4)))*$L45<20,20,(1-ERF(M$10/SQRT(4*$F$4/($E$4*$C$4)*2*$D$4/$B$4)))*$L45) -> 99.4177 | N45: =IF((1-ERF(N$10/SQRT(4*$F$4/($E$4*$C$4)*2*$D$4/$B$4)))*$L45<20,20,(1-ERF(N$10/SQRT(4*$F$4/($E$4*$C$4)*2*$D$4/$B$4)))*$L45) -> 98.049379 | O45: =IF((1-ERF(O$10/SQRT(4*$F$4/($E$4*$C$4)*2*$D$4/$B$4)))*$L45<20,20,(1-ERF(O$10/SQRT(4*$F$4/($E$4*$C$4)*2*$D$4/$B$4)))*$L45) -> 96.681851 | P45: =IF((1-ERF(P$10/SQRT(4*$F$4/($E$4*$C$4)*2*$D$4/$B$4)))*$L45<20,20,(1-ERF(P$10/SQRT(4*$F$4/($E$4*$C$4)*2*$D$4/$B$4)))*$L45) -> 95.315511 | Q45: =IF((1-ERF(Q$10/SQRT(4*$F$4/($E$4*$C$4)*2*$D$4/$B$4)))*$L45<20,20,(1-ERF(Q$10/SQRT(4*$F$4/($E$4*$C$4)*2*$D$4/$B$4)))*$L45) -> 93.950753 | R45: =IF((1-ERF(R$10/SQRT(4*$F$4/($E$4*$C$4)*2*$D$4/$B$4)))*$L45<20,20,(1-ERF(R$10/SQRT(4*$F$4/($E$4*$C$4)*2*$D$4/$B$4)))*$L45) -> 92.587971 | S45: =IF((1-ERF(S$10/SQRT(4*$F$4/($E$4*$C$4)*2*$D$4/$B$4)))*$L45<20,20,(1-ERF(S$10/SQRT(4*$F$4/($E$4*$C$4)*2*$D$4/$B$4)))*$L45) -> 91.227556 | T45: =IF((1-ERF(T$10/SQRT(4*$F$4/($E$4*$C$4)*2*$D$4/$B$4)))*$L45<20,20,(1-ERF(T$10/SQRT(4*$F$4/($E$4*$C$4)*2*$D$4/$B$4)))*$L45) -> 89.869897 | ... BS45: =IF((1-ERF(BS$10/SQRT(4*$F$4/($E$4*$C$4)*2*$D$4/$B$4)))*$L45<20,20,(1-ERF(BS$10/SQRT(4*$F$4/($E$4*$C$4)*2*$D$4/$B$4)))*$L45) -> 20
B46: =B45+0.1 -> 1.199 | C46: =B46 -> 1.199 | E46: =($D$14*($B46+1))/2 -> 6.3710429 | F46: =($D$14*($B46-1))/2 -> 0.57655186 | I46: =(((C46+1)*EXP(E46))*(BESSELK(E46,0)+BESSELK(E46,1)))+(((1-C46)*EXP(F46))*(BESSELK(F46,0)+BESSELK(F46,1))) -> 1.4520153 | J46: =G46+H46+I46 -> 1.4520153 | K46: =J46/MAX($J$14:$J$57) -> 0.74132409 | L46: =IF($G$4>5,K46*$I$9,K46*$J$9)+20 -> 94.921142 | M46: =IF((1-ERF(M$10/SQRT(4*$F$4/($E$4*$C$4)*2*$D$4/$B$4)))*$L46<20,20,(1-ERF(M$10/SQRT(4*$F$4/($E$4*$C$4)*2*$D$4/$B$4)))*$L46) -> 93.632077 | N46: =IF((1-ERF(N$10/SQRT(4*$F$4/($E$4*$C$4)*2*$D$4/$B$4)))*$L46<20,20,(1-ERF(N$10/SQRT(4*$F$4/($E$4*$C$4)*2*$D$4/$B$4)))*$L46) -> 92.343386 | O46: =IF((1-ERF(O$10/SQRT(4*$F$4/($E$4*$C$4)*2*$D$4/$B$4)))*$L46<20,20,(1-ERF(O$10/SQRT(4*$F$4/($E$4*$C$4)*2*$D$4/$B$4)))*$L46) -> 91.055441 | P46: =IF((1-ERF(P$10/SQRT(4*$F$4/($E$4*$C$4)*2*$D$4/$B$4)))*$L46<20,20,(1-ERF(P$10/SQRT(4*$F$4/($E$4*$C$4)*2*$D$4/$B$4)))*$L46) -> 89.768615 | Q46: =IF((1-ERF(Q$10/SQRT(4*$F$4/($E$4*$C$4)*2*$D$4/$B$4)))*$L46<20,20,(1-ERF(Q$10/SQRT(4*$F$4/($E$4*$C$4)*2*$D$4/$B$4)))*$L46) -> 88.48328 | R46: =IF((1-ERF(R$10/SQRT(4*$F$4/($E$4*$C$4)*2*$D$4/$B$4)))*$L46<20,20,(1-ERF(R$10/SQRT(4*$F$4/($E$4*$C$4)*2*$D$4/$B$4)))*$L46) -> 87.199805 | S46: =IF((1-ERF(S$10/SQRT(4*$F$4/($E$4*$C$4)*2*$D$4/$B$4)))*$L46<20,20,(1-ERF(S$10/SQRT(4*$F$4/($E$4*$C$4)*2*$D$4/$B$4)))*$L46) -> 85.91856 | T46: =IF((1-ERF(T$10/SQRT(4*$F$4/($E$4*$C$4)*2*$D$4/$B$4)))*$L46<20,20,(1-ERF(T$10/SQRT(4*$F$4/($E$4*$C$4)*2*$D$4/$B$4)))*$L46) -> 84.63991 | ... BS46: =IF((1-ERF(BS$10/SQRT(4*$F$4/($E$4*$C$4)*2*$D$4/$B$4)))*$L46<20,20,(1-ERF(BS$10/SQRT(4*$F$4/($E$4*$C$4)*2*$D$4/$B$4)))*$L46) -> 20
B47: =B46+0.1 -> 1.299 | C47: =B47 -> 1.299 | E47: =($D$14*($B47+1))/2 -> 6.6607674 | F47: =($D$14*($B47-1))/2 -> 0.86627641 | I47: =(((C47+1)*EXP(E47))*(BESSELK(E47,0)+BESSELK(E47,1)))+(((1-C47)*EXP(F47))*(BESSELK(F47,0)+BESSELK(F47,1))) -> 1.3684 | J47: =G47+H47+I47 -> 1.3684 | K47: =J47/MAX($J$14:$J$57) -> 0.69863443 | L47: =IF($G$4>5,K47*$I$9,K47*$J$9)+20 -> 90.606755 | M47: =IF((1-ERF(M$10/SQRT(4*$F$4/($E$4*$C$4)*2*$D$4/$B$4)))*$L47<20,20,(1-ERF(M$10/SQRT(4*$F$4/($E$4*$C$4)*2*$D$4/$B$4)))*$L47) -> 89.376282 | N47: =IF((1-ERF(N$10/SQRT(4*$F$4/($E$4*$C$4)*2*$D$4/$B$4)))*$L47<20,20,(1-ERF(N$10/SQRT(4*$F$4/($E$4*$C$4)*2*$D$4/$B$4)))*$L47) -> 88.146164 | O47: =IF((1-ERF(O$10/SQRT(4*$F$4/($E$4*$C$4)*2*$D$4/$B$4)))*$L47<20,20,(1-ERF(O$10/SQRT(4*$F$4/($E$4*$C$4)*2*$D$4/$B$4)))*$L47) -> 86.91676 | P47: =IF((1-ERF(P$10/SQRT(4*$F$4/($E$4*$C$4)*2*$D$4/$B$4)))*$L47<20,20,(1-ERF(P$10/SQRT(4*$F$4/($E$4*$C$4)*2*$D$4/$B$4)))*$L47) -> 85.688423 | Q47: =IF((1-ERF(Q$10/SQRT(4*$F$4/($E$4*$C$4)*2*$D$4/$B$4)))*$L47<20,20,(1-ERF(Q$10/SQRT(4*$F$4/($E$4*$C$4)*2*$D$4/$B$4)))*$L47) -> 84.461509 | R47: =IF((1-ERF(R$10/SQRT(4*$F$4/($E$4*$C$4)*2*$D$4/$B$4)))*$L47<20,20,(1-ERF(R$10/SQRT(4*$F$4/($E$4*$C$4)*2*$D$4/$B$4)))*$L47) -> 83.236371 | S47: =IF((1-ERF(S$10/SQRT(4*$F$4/($E$4*$C$4)*2*$D$4/$B$4)))*$L47<20,20,(1-ERF(S$10/SQRT(4*$F$4/($E$4*$C$4)*2*$D$4/$B$4)))*$L47) -> 82.013361 | T47: =IF((1-ERF(T$10/SQRT(4*$F$4/($E$4*$C$4)*2*$D$4/$B$4)))*$L47<20,20,(1-ERF(T$10/SQRT(4*$F$4/($E$4*$C$4)*2*$D$4/$B$4)))*$L47) -> 80.792829 | ... BS47: =IF((1-ERF(BS$10/SQRT(4*$F$4/($E$4*$C$4)*2*$D$4/$B$4)))*$L47<20,20,(1-ERF(BS$10/SQRT(4*$F$4/($E$4*$C$4)*2*$D$4/$B$4)))*$L47) -> 20
B48: =B47+0.1 -> 1.399 | C48: =B48 -> 1.399 | E48: =($D$14*($B48+1))/2 -> 6.950492 | F48: =($D$14*($B48-1))/2 -> 1.156001 | I48: =(((C48+1)*EXP(E48))*(BESSELK(E48,0)+BESSELK(E48,1)))+(((1-C48)*EXP(F48))*(BESSELK(F48,0)+BESSELK(F48,1))) -> 1.3014994 | J48: =G48+H48+I48 -> 1.3014994 | K48: =J48/MAX($J$14:$J$57) -> 0.66447841 | L48: =IF($G$4>5,K48*$I$9,K48*$J$9)+20 -> 87.154813 | M48: =IF((1-ERF(M$10/SQRT(4*$F$4/($E$4*$C$4)*2*$D$4/$B$4)))*$L48<20,20,(1-ERF(M$10/SQRT(4*$F$4/($E$4*$C$4)*2*$D$4/$B$4)))*$L48) -> 85.971218 | N48: =IF((1-ERF(N$10/SQRT(4*$F$4/($E$4*$C$4)*2*$D$4/$B$4)))*$L48<20,20,(1-ERF(N$10/SQRT(4*$F$4/($E$4*$C$4)*2*$D$4/$B$4)))*$L48) -> 84.787966 | O48: =IF((1-ERF(O$10/SQRT(4*$F$4/($E$4*$C$4)*2*$D$4/$B$4)))*$L48<20,20,(1-ERF(O$10/SQRT(4*$F$4/($E$4*$C$4)*2*$D$4/$B$4)))*$L48) -> 83.6054 | P48: =IF((1-ERF(P$10/SQRT(4*$F$4/($E$4*$C$4)*2*$D$4/$B$4)))*$L48<20,20,(1-ERF(P$10/SQRT(4*$F$4/($E$4*$C$4)*2*$D$4/$B$4)))*$L48) -> 82.42386 | Q48: =IF((1-ERF(Q$10/SQRT(4*$F$4/($E$4*$C$4)*2*$D$4/$B$4)))*$L48<20,20,(1-ERF(Q$10/SQRT(4*$F$4/($E$4*$C$4)*2*$D$4/$B$4)))*$L48) -> 81.243689 | R48: =IF((1-ERF(R$10/SQRT(4*$F$4/($E$4*$C$4)*2*$D$4/$B$4)))*$L48<20,20,(1-ERF(R$10/SQRT(4*$F$4/($E$4*$C$4)*2*$D$4/$B$4)))*$L48) -> 80.065227 | S48: =IF((1-ERF(S$10/SQRT(4*$F$4/($E$4*$C$4)*2*$D$4/$B$4)))*$L48<20,20,(1-ERF(S$10/SQRT(4*$F$4/($E$4*$C$4)*2*$D$4/$B$4)))*$L48) -> 78.888811 | T48: =IF((1-ERF(T$10/SQRT(4*$F$4/($E$4*$C$4)*2*$D$4/$B$4)))*$L48<20,20,(1-ERF(T$10/SQRT(4*$F$4/($E$4*$C$4)*2*$D$4/$B$4)))*$L48) -> 77.714779 | ... BS48: =IF((1-ERF(BS$10/SQRT(4*$F$4/($E$4*$C$4)*2*$D$4/$B$4)))*$L48<20,20,(1-ERF(BS$10/SQRT(4*$F$4/($E$4*$C$4)*2*$D$4/$B$4)))*$L48) -> 20
B49: =B48+0.1 -> 1.499 | C49: =B49 -> 1.499 | E49: =($D$14*($B49+1))/2 -> 7.2402165 | F49: =($D$14*($B49-1))/2 -> 1.4457255 | I49: =(((C49+1)*EXP(E49))*(BESSELK(E49,0)+BESSELK(E49,1)))+(((1-C49)*EXP(F49))*(BESSELK(F49,0)+BESSELK(F49,1))) -> 1.2455882 | J49: =G49+H49+I49 -> 1.2455882 | K49: =J49/MAX($J$14:$J$57) -> 0.63593308 | L49: =IF($G$4>5,K49*$I$9,K49*$J$9)+20 -> 84.26991 | M49: =IF((1-ERF(M$10/SQRT(4*$F$4/($E$4*$C$4)*2*$D$4/$B$4)))*$L49<20,20,(1-ERF(M$10/SQRT(4*$F$4/($E$4*$C$4)*2*$D$4/$B$4)))*$L49) -> 83.125493 | N49: =IF((1-ERF(N$10/SQRT(4*$F$4/($E$4*$C$4)*2*$D$4/$B$4)))*$L49<20,20,(1-ERF(N$10/SQRT(4*$F$4/($E$4*$C$4)*2*$D$4/$B$4)))*$L49) -> 81.981407 | O49: =IF((1-ERF(O$10/SQRT(4*$F$4/($E$4*$C$4)*2*$D$4/$B$4)))*$L49<20,20,(1-ERF(O$10/SQRT(4*$F$4/($E$4*$C$4)*2*$D$4/$B$4)))*$L49) -> 80.837985 | P49: =IF((1-ERF(P$10/SQRT(4*$F$4/($E$4*$C$4)*2*$D$4/$B$4)))*$L49<20,20,(1-ERF(P$10/SQRT(4*$F$4/($E$4*$C$4)*2*$D$4/$B$4)))*$L49) -> 79.695555 | Q49: =IF((1-ERF(Q$10/SQRT(4*$F$4/($E$4*$C$4)*2*$D$4/$B$4)))*$L49<20,20,(1-ERF(Q$10/SQRT(4*$F$4/($E$4*$C$4)*2*$D$4/$B$4)))*$L49) -> 78.554449 | R49: =IF((1-ERF(R$10/SQRT(4*$F$4/($E$4*$C$4)*2*$D$4/$B$4)))*$L49<20,20,(1-ERF(R$10/SQRT(4*$F$4/($E$4*$C$4)*2*$D$4/$B$4)))*$L49) -> 77.414995 | S49: =IF((1-ERF(S$10/SQRT(4*$F$4/($E$4*$C$4)*2*$D$4/$B$4)))*$L49<20,20,(1-ERF(S$10/SQRT(4*$F$4/($E$4*$C$4)*2*$D$4/$B$4)))*$L49) -> 76.27752 | T49: =IF((1-ERF(T$10/SQRT(4*$F$4/($E$4*$C$4)*2*$D$4/$B$4)))*$L49<20,20,(1-ERF(T$10/SQRT(4*$F$4/($E$4*$C$4)*2*$D$4/$B$4)))*$L49) -> 75.142349 | ... BS49: =IF((1-ERF(BS$10/SQRT(4*$F$4/($E$4*$C$4)*2*$D$4/$B$4)))*$L49<20,20,(1-ERF(BS$10/SQRT(4*$F$4/($E$4*$C$4)*2*$D$4/$B$4)))*$L49) -> 20
B50: =B49+0.1 -> 1.599 | C50: =B50 -> 1.599 | E50: =($D$14*($B50+1))/2 -> 7.5299411 | F50: =($D$14*($B50-1))/2 -> 1.7354501 | I50: =(((C50+1)*EXP(E50))*(BESSELK(E50,0)+BESSELK(E50,1)))+(((1-C50)*EXP(F50))*(BESSELK(F50,0)+BESSELK(F50,1))) -> 1.1975609 | J50: =G50+H50+I50 -> 1.1975609 | K50: =J50/MAX($J$14:$J$57) -> 0.61141278 | L50: =IF($G$4>5,K50*$I$9,K50*$J$9)+20 -> 81.791791 | M50: =IF((1-ERF(M$10/SQRT(4*$F$4/($E$4*$C$4)*2*$D$4/$B$4)))*$L50<20,20,(1-ERF(M$10/SQRT(4*$F$4/($E$4*$C$4)*2*$D$4/$B$4)))*$L50) -> 80.681028 | N50: =IF((1-ERF(N$10/SQRT(4*$F$4/($E$4*$C$4)*2*$D$4/$B$4)))*$L50<20,20,(1-ERF(N$10/SQRT(4*$F$4/($E$4*$C$4)*2*$D$4/$B$4)))*$L50) -> 79.570587 | O50: =IF((1-ERF(O$10/SQRT(4*$F$4/($E$4*$C$4)*2*$D$4/$B$4)))*$L50<20,20,(1-ERF(O$10/SQRT(4*$F$4/($E$4*$C$4)*2*$D$4/$B$4)))*$L50) -> 78.460789 | P50: =IF((1-ERF(P$10/SQRT(4*$F$4/($E$4*$C$4)*2*$D$4/$B$4)))*$L50<20,20,(1-ERF(P$10/SQRT(4*$F$4/($E$4*$C$4)*2*$D$4/$B$4)))*$L50) -> 77.351955 | Q50: =IF((1-ERF(Q$10/SQRT(4*$F$4/($E$4*$C$4)*2*$D$4/$B$4)))*$L50<20,20,(1-ERF(Q$10/SQRT(4*$F$4/($E$4*$C$4)*2*$D$4/$B$4)))*$L50) -> 76.244405 | R50: =IF((1-ERF(R$10/SQRT(4*$F$4/($E$4*$C$4)*2*$D$4/$B$4)))*$L50<20,20,(1-ERF(R$10/SQRT(4*$F$4/($E$4*$C$4)*2*$D$4/$B$4)))*$L50) -> 75.138459 | S50: =IF((1-ERF(S$10/SQRT(4*$F$4/($E$4*$C$4)*2*$D$4/$B$4)))*$L50<20,20,(1-ERF(S$10/SQRT(4*$F$4/($E$4*$C$4)*2*$D$4/$B$4)))*$L50) -> 74.034433 | T50: =IF((1-ERF(T$10/SQRT(4*$F$4/($E$4*$C$4)*2*$D$4/$B$4)))*$L50<20,20,(1-ERF(T$10/SQRT(4*$F$4/($E$4*$C$4)*2*$D$4/$B$4)))*$L50) -> 72.932644 | ... BS50: =IF((1-ERF(BS$10/SQRT(4*$F$4/($E$4*$C$4)*2*$D$4/$B$4)))*$L50<20,20,(1-ERF(BS$10/SQRT(4*$F$4/($E$4*$C$4)*2*$D$4/$B$4)))*$L50) -> 20
B51: =B50+0.1 -> 1.699 | C51: =B51 -> 1.699 | E51: =($D$14*($B51+1))/2 -> 7.8196656 | F51: =($D$14*($B51-1))/2 -> 2.0251746 | I51: =(((C51+1)*EXP(E51))*(BESSELK(E51,0)+BESSELK(E51,1)))+(((1-C51)*EXP(F51))*(BESSELK(F51,0)+BESSELK(F51,1))) -> 1.1555068 | J51: =G51+H51+I51 -> 1.1555068 | K51: =J51/MAX($J$14:$J$57) -> 0.58994214 | L51: =IF($G$4>5,K51*$I$9,K51*$J$9)+20 -> 79.621883 | M51: =IF((1-ERF(M$10/SQRT(4*$F$4/($E$4*$C$4)*2*$D$4/$B$4)))*$L51<20,20,(1-ERF(M$10/SQRT(4*$F$4/($E$4*$C$4)*2*$D$4/$B$4)))*$L51) -> 78.540588 | N51: =IF((1-ERF(N$10/SQRT(4*$F$4/($E$4*$C$4)*2*$D$4/$B$4)))*$L51<20,20,(1-ERF(N$10/SQRT(4*$F$4/($E$4*$C$4)*2*$D$4/$B$4)))*$L51) -> 77.459606 | O51: =IF((1-ERF(O$10/SQRT(4*$F$4/($E$4*$C$4)*2*$D$4/$B$4)))*$L51<20,20,(1-ERF(O$10/SQRT(4*$F$4/($E$4*$C$4)*2*$D$4/$B$4)))*$L51) -> 76.379251 | P51: =IF((1-ERF(P$10/SQRT(4*$F$4/($E$4*$C$4)*2*$D$4/$B$4)))*$L51<20,20,(1-ERF(P$10/SQRT(4*$F$4/($E$4*$C$4)*2*$D$4/$B$4)))*$L51) -> 75.299834 | Q51: =IF((1-ERF(Q$10/SQRT(4*$F$4/($E$4*$C$4)*2*$D$4/$B$4)))*$L51<20,20,(1-ERF(Q$10/SQRT(4*$F$4/($E$4*$C$4)*2*$D$4/$B$4)))*$L51) -> 74.221667 | R51: =IF((1-ERF(R$10/SQRT(4*$F$4/($E$4*$C$4)*2*$D$4/$B$4)))*$L51<20,20,(1-ERF(R$10/SQRT(4*$F$4/($E$4*$C$4)*2*$D$4/$B$4)))*$L51) -> 73.145061 | S51: =IF((1-ERF(S$10/SQRT(4*$F$4/($E$4*$C$4)*2*$D$4/$B$4)))*$L51<20,20,(1-ERF(S$10/SQRT(4*$F$4/($E$4*$C$4)*2*$D$4/$B$4)))*$L51) -> 72.070325 | T51: =IF((1-ERF(T$10/SQRT(4*$F$4/($E$4*$C$4)*2*$D$4/$B$4)))*$L51<20,20,(1-ERF(T$10/SQRT(4*$F$4/($E$4*$C$4)*2*$D$4/$B$4)))*$L51) -> 70.997766 | ... BS51: =IF((1-ERF(BS$10/SQRT(4*$F$4/($E$4*$C$4)*2*$D$4/$B$4)))*$L51<20,20,(1-ERF(BS$10/SQRT(4*$F$4/($E$4*$C$4)*2*$D$4/$B$4)))*$L51) -> 20
B52: =B51+0.1 -> 1.799 | C52: =B52 -> 1.799 | E52: =($D$14*($B52+1))/2 -> 8.1093902 | F52: =($D$14*($B52-1))/2 -> 2.3148992 | I52: =(((C52+1)*EXP(E52))*(BESSELK(E52,0)+BESSELK(E52,1)))+(((1-C52)*EXP(F52))*(BESSELK(F52,0)+BESSELK(F52,1))) -> 1.1181527 | J52: =G52+H52+I52 -> 1.1181527 | K52: =J52/MAX($J$14:$J$57) -> 0.57087109 | L52: =IF($G$4>5,K52*$I$9,K52*$J$9)+20 -> 77.694488 | M52: =IF((1-ERF(M$10/SQRT(4*$F$4/($E$4*$C$4)*2*$D$4/$B$4)))*$L52<20,20,(1-ERF(M$10/SQRT(4*$F$4/($E$4*$C$4)*2*$D$4/$B$4)))*$L52) -> 76.639368 | N52: =IF((1-ERF(N$10/SQRT(4*$F$4/($E$4*$C$4)*2*$D$4/$B$4)))*$L52<20,20,(1-ERF(N$10/SQRT(4*$F$4/($E$4*$C$4)*2*$D$4/$B$4)))*$L52) -> 75.584553 | O52: =IF((1-ERF(O$10/SQRT(4*$F$4/($E$4*$C$4)*2*$D$4/$B$4)))*$L52<20,20,(1-ERF(O$10/SQRT(4*$F$4/($E$4*$C$4)*2*$D$4/$B$4)))*$L52) -> 74.53035 | P52: =IF((1-ERF(P$10/SQRT(4*$F$4/($E$4*$C$4)*2*$D$4/$B$4)))*$L52<20,20,(1-ERF(P$10/SQRT(4*$F$4/($E$4*$C$4)*2*$D$4/$B$4)))*$L52) -> 73.477062 | Q52: =IF((1-ERF(Q$10/SQRT(4*$F$4/($E$4*$C$4)*2*$D$4/$B$4)))*$L52<20,20,(1-ERF(Q$10/SQRT(4*$F$4/($E$4*$C$4)*2*$D$4/$B$4)))*$L52) -> 72.424994 | R52: =IF((1-ERF(R$10/SQRT(4*$F$4/($E$4*$C$4)*2*$D$4/$B$4)))*$L52<20,20,(1-ERF(R$10/SQRT(4*$F$4/($E$4*$C$4)*2*$D$4/$B$4)))*$L52) -> 71.374449 | S52: =IF((1-ERF(S$10/SQRT(4*$F$4/($E$4*$C$4)*2*$D$4/$B$4)))*$L52<20,20,(1-ERF(S$10/SQRT(4*$F$4/($E$4*$C$4)*2*$D$4/$B$4)))*$L52) -> 70.325729 | T52: =IF((1-ERF(T$10/SQRT(4*$F$4/($E$4*$C$4)*2*$D$4/$B$4)))*$L52<20,20,(1-ERF(T$10/SQRT(4*$F$4/($E$4*$C$4)*2*$D$4/$B$4)))*$L52) -> 69.279133 | ... BS52: =IF((1-ERF(BS$10/SQRT(4*$F$4/($E$4*$C$4)*2*$D$4/$B$4)))*$L52<20,20,(1-ERF(BS$10/SQRT(4*$F$4/($E$4*$C$4)*2*$D$4/$B$4)))*$L52) -> 20
B53: =B52+0.1 -> 1.899 | C53: =B53 -> 1.899 | E53: =($D$14*($B53+1))/2 -> 8.3991147 | F53: =($D$14*($B53-1))/2 -> 2.6046237 | I53: =(((C53+1)*EXP(E53))*(BESSELK(E53,0)+BESSELK(E53,1)))+(((1-C53)*EXP(F53))*(BESSELK(F53,0)+BESSELK(F53,1))) -> 1.0846016 | J53: =G53+H53+I53 -> 1.0846016 | K53: =J53/MAX($J$14:$J$57) -> 0.5537416 | L53: =IF($G$4>5,K53*$I$9,K53*$J$9)+20 -> 75.963314 | M53: =IF((1-ERF(M$10/SQRT(4*$F$4/($E$4*$C$4)*2*$D$4/$B$4)))*$L53<20,20,(1-ERF(M$10/SQRT(4*$F$4/($E$4*$C$4)*2*$D$4/$B$4)))*$L53) -> 74.931704 | N53: =IF((1-ERF(N$10/SQRT(4*$F$4/($E$4*$C$4)*2*$D$4/$B$4)))*$L53<20,20,(1-ERF(N$10/SQRT(4*$F$4/($E$4*$C$4)*2*$D$4/$B$4)))*$L53) -> 73.900392 | O53: =IF((1-ERF(O$10/SQRT(4*$F$4/($E$4*$C$4)*2*$D$4/$B$4)))*$L53<20,20,(1-ERF(O$10/SQRT(4*$F$4/($E$4*$C$4)*2*$D$4/$B$4)))*$L53) -> 72.869678 | P53: =IF((1-ERF(P$10/SQRT(4*$F$4/($E$4*$C$4)*2*$D$4/$B$4)))*$L53<20,20,(1-ERF(P$10/SQRT(4*$F$4/($E$4*$C$4)*2*$D$4/$B$4)))*$L53) -> 71.83986 | Q53: =IF((1-ERF(Q$10/SQRT(4*$F$4/($E$4*$C$4)*2*$D$4/$B$4)))*$L53<20,20,(1-ERF(Q$10/SQRT(4*$F$4/($E$4*$C$4)*2*$D$4/$B$4)))*$L53) -> 70.811234 | R53: =IF((1-ERF(R$10/SQRT(4*$F$4/($E$4*$C$4)*2*$D$4/$B$4)))*$L53<20,20,(1-ERF(R$10/SQRT(4*$F$4/($E$4*$C$4)*2*$D$4/$B$4)))*$L53) -> 69.784097 | S53: =IF((1-ERF(S$10/SQRT(4*$F$4/($E$4*$C$4)*2*$D$4/$B$4)))*$L53<20,20,(1-ERF(S$10/SQRT(4*$F$4/($E$4*$C$4)*2*$D$4/$B$4)))*$L53) -> 68.758744 | T53: =IF((1-ERF(T$10/SQRT(4*$F$4/($E$4*$C$4)*2*$D$4/$B$4)))*$L53<20,20,(1-ERF(T$10/SQRT(4*$F$4/($E$4*$C$4)*2*$D$4/$B$4)))*$L53) -> 67.735469 | ... BS53: =IF((1-ERF(BS$10/SQRT(4*$F$4/($E$4*$C$4)*2*$D$4/$B$4)))*$L53<20,20,(1-ERF(BS$10/SQRT(4*$F$4/($E$4*$C$4)*2*$D$4/$B$4)))*$L53) -> 20
B54: =B53+0.1 -> 1.999 | C54: =B54 -> 1.999 | E54: =($D$14*($B54+1))/2 -> 8.6888393 | F54: =($D$14*($B54-1))/2 -> 2.8943483 | I54: =(((C54+1)*EXP(E54))*(BESSELK(E54,0)+BESSELK(E54,1)))+(((1-C54)*EXP(F54))*(BESSELK(F54,0)+BESSELK(F54,1))) -> 1.0541942 | J54: =G54+H54+I54 -> 1.0541942 | K54: =J54/MAX($J$14:$J$57) -> 0.53821716 | L54: =IF($G$4>5,K54*$I$9,K54*$J$9)+20 -> 74.394352 | M54: =IF((1-ERF(M$10/SQRT(4*$F$4/($E$4*$C$4)*2*$D$4/$B$4)))*$L54<20,20,(1-ERF(M$10/SQRT(4*$F$4/($E$4*$C$4)*2*$D$4/$B$4)))*$L54) -> 73.384049 | N54: =IF((1-ERF(N$10/SQRT(4*$F$4/($E$4*$C$4)*2*$D$4/$B$4)))*$L54<20,20,(1-ERF(N$10/SQRT(4*$F$4/($E$4*$C$4)*2*$D$4/$B$4)))*$L54) -> 72.374039 | O54: =IF((1-ERF(O$10/SQRT(4*$F$4/($E$4*$C$4)*2*$D$4/$B$4)))*$L54<20,20,(1-ERF(O$10/SQRT(4*$F$4/($E$4*$C$4)*2*$D$4/$B$4)))*$L54) -> 71.364613 | P54: =IF((1-ERF(P$10/SQRT(4*$F$4/($E$4*$C$4)*2*$D$4/$B$4)))*$L54<20,20,(1-ERF(P$10/SQRT(4*$F$4/($E$4*$C$4)*2*$D$4/$B$4)))*$L54) -> 70.356065 | Q54: =IF((1-ERF(Q$10/SQRT(4*$F$4/($E$4*$C$4)*2*$D$4/$B$4)))*$L54<20,20,(1-ERF(Q$10/SQRT(4*$F$4/($E$4*$C$4)*2*$D$4/$B$4)))*$L54) -> 69.348684 | R54: =IF((1-ERF(R$10/SQRT(4*$F$4/($E$4*$C$4)*2*$D$4/$B$4)))*$L54<20,20,(1-ERF(R$10/SQRT(4*$F$4/($E$4*$C$4)*2*$D$4/$B$4)))*$L54) -> 68.342762 | S54: =IF((1-ERF(S$10/SQRT(4*$F$4/($E$4*$C$4)*2*$D$4/$B$4)))*$L54<20,20,(1-ERF(S$10/SQRT(4*$F$4/($E$4*$C$4)*2*$D$4/$B$4)))*$L54) -> 67.338587 | T54: =IF((1-ERF(T$10/SQRT(4*$F$4/($E$4*$C$4)*2*$D$4/$B$4)))*$L54<20,20,(1-ERF(T$10/SQRT(4*$F$4/($E$4*$C$4)*2*$D$4/$B$4)))*$L54) -> 66.336447 | ... BS54: =IF((1-ERF(BS$10/SQRT(4*$F$4/($E$4*$C$4)*2*$D$4/$B$4)))*$L54<20,20,(1-ERF(BS$10/SQRT(4*$F$4/($E$4*$C$4)*2*$D$4/$B$4)))*$L54) -> 20
B55: =B54+1 -> 2.999 | C55: =B55 -> 2.999 | E55: =($D$14*($B55+1))/2 -> 11.586085 | F55: =($D$14*($B55-1))/2 -> 5.7915938 | I55: =(((C55+1)*EXP(E55))*(BESSELK(E55,0)+BESSELK(E55,1)))+(((1-C55)*EXP(F55))*(BESSELK(F55,0)+BESSELK(F55,1))) -> 0.85047311 | J55: =G55+H55+I55 -> 0.85047311 | K55: =J55/MAX($J$14:$J$57) -> 0.43420768 | L55: =IF($G$4>5,K55*$I$9,K55*$J$9)+20 -> 63.882744 | M55: =IF((1-ERF(M$10/SQRT(4*$F$4/($E$4*$C$4)*2*$D$4/$B$4)))*$L55<20,20,(1-ERF(M$10/SQRT(4*$F$4/($E$4*$C$4)*2*$D$4/$B$4)))*$L55) -> 63.015193 | N55: =IF((1-ERF(N$10/SQRT(4*$F$4/($E$4*$C$4)*2*$D$4/$B$4)))*$L55<20,20,(1-ERF(N$10/SQRT(4*$F$4/($E$4*$C$4)*2*$D$4/$B$4)))*$L55) -> 62.147892 | O55: =IF((1-ERF(O$10/SQRT(4*$F$4/($E$4*$C$4)*2*$D$4/$B$4)))*$L55<20,20,(1-ERF(O$10/SQRT(4*$F$4/($E$4*$C$4)*2*$D$4/$B$4)))*$L55) -> 61.281094 | P55: =IF((1-ERF(P$10/SQRT(4*$F$4/($E$4*$C$4)*2*$D$4/$B$4)))*$L55<20,20,(1-ERF(P$10/SQRT(4*$F$4/($E$4*$C$4)*2*$D$4/$B$4)))*$L55) -> 60.41505 | Q55: =IF((1-ERF(Q$10/SQRT(4*$F$4/($E$4*$C$4)*2*$D$4/$B$4)))*$L55<20,20,(1-ERF(Q$10/SQRT(4*$F$4/($E$4*$C$4)*2*$D$4/$B$4)))*$L55) -> 59.550008 | R55: =IF((1-ERF(R$10/SQRT(4*$F$4/($E$4*$C$4)*2*$D$4/$B$4)))*$L55<20,20,(1-ERF(R$10/SQRT(4*$F$4/($E$4*$C$4)*2*$D$4/$B$4)))*$L55) -> 58.686218 | S55: =IF((1-ERF(S$10/SQRT(4*$F$4/($E$4*$C$4)*2*$D$4/$B$4)))*$L55<20,20,(1-ERF(S$10/SQRT(4*$F$4/($E$4*$C$4)*2*$D$4/$B$4)))*$L55) -> 57.823929 | T55: =IF((1-ERF(T$10/SQRT(4*$F$4/($E$4*$C$4)*2*$D$4/$B$4)))*$L55<20,20,(1-ERF(T$10/SQRT(4*$F$4/($E$4*$C$4)*2*$D$4/$B$4)))*$L55) -> 56.963386 | ... BS55: =IF((1-ERF(BS$10/SQRT(4*$F$4/($E$4*$C$4)*2*$D$4/$B$4)))*$L55<20,20,(1-ERF(BS$10/SQRT(4*$F$4/($E$4*$C$4)*2*$D$4/$B$4)))*$L55) -> 20
B56: =B55+1 -> 3.999 | C56: =B56 -> 3.999 | E56: =($D$14*($B56+1))/2 -> 14.48333 | F56: =($D$14*($B56-1))/2 -> 8.6888393 | I56: =(((C56+1)*EXP(E56))*(BESSELK(E56,0)+BESSELK(E56,1)))+(((1-C56)*EXP(F56))*(BESSELK(F56,0)+BESSELK(F56,1))) -> 0.73444897 | J56: =G56+H56+I56 -> 0.73444897 | K56: =J56/MAX($J$14:$J$57) -> 0.37497175 | L56: =IF($G$4>5,K56*$I$9,K56*$J$9)+20 -> 57.896126 | M56: =IF((1-ERF(M$10/SQRT(4*$F$4/($E$4*$C$4)*2*$D$4/$B$4)))*$L56<20,20,(1-ERF(M$10/SQRT(4*$F$4/($E$4*$C$4)*2*$D$4/$B$4)))*$L56) -> 57.109875 | N56: =IF((1-ERF(N$10/SQRT(4*$F$4/($E$4*$C$4)*2*$D$4/$B$4)))*$L56<20,20,(1-ERF(N$10/SQRT(4*$F$4/($E$4*$C$4)*2*$D$4/$B$4)))*$L56) -> 56.323852 | O56: =IF((1-ERF(O$10/SQRT(4*$F$4/($E$4*$C$4)*2*$D$4/$B$4)))*$L56<20,20,(1-ERF(O$10/SQRT(4*$F$4/($E$4*$C$4)*2*$D$4/$B$4)))*$L56) -> 55.538284 | P56: =IF((1-ERF(P$10/SQRT(4*$F$4/($E$4*$C$4)*2*$D$4/$B$4)))*$L56<20,20,(1-ERF(P$10/SQRT(4*$F$4/($E$4*$C$4)*2*$D$4/$B$4)))*$L56) -> 54.753398 | Q56: =IF((1-ERF(Q$10/SQRT(4*$F$4/($E$4*$C$4)*2*$D$4/$B$4)))*$L56<20,20,(1-ERF(Q$10/SQRT(4*$F$4/($E$4*$C$4)*2*$D$4/$B$4)))*$L56) -> 53.969422 | R56: =IF((1-ERF(R$10/SQRT(4*$F$4/($E$4*$C$4)*2*$D$4/$B$4)))*$L56<20,20,(1-ERF(R$10/SQRT(4*$F$4/($E$4*$C$4)*2*$D$4/$B$4)))*$L56) -> 53.18658 | S56: =IF((1-ERF(S$10/SQRT(4*$F$4/($E$4*$C$4)*2*$D$4/$B$4)))*$L56<20,20,(1-ERF(S$10/SQRT(4*$F$4/($E$4*$C$4)*2*$D$4/$B$4)))*$L56) -> 52.405098 | T56: =IF((1-ERF(T$10/SQRT(4*$F$4/($E$4*$C$4)*2*$D$4/$B$4)))*$L56<20,20,(1-ERF(T$10/SQRT(4*$F$4/($E$4*$C$4)*2*$D$4/$B$4)))*$L56) -> 51.625199 | ... BS56: =IF((1-ERF(BS$10/SQRT(4*$F$4/($E$4*$C$4)*2*$D$4/$B$4)))*$L56<20,20,(1-ERF(BS$10/SQRT(4*$F$4/($E$4*$C$4)*2*$D$4/$B$4)))*$L56) -> 20
B57: =B56+1 -> 4.999 | C57: =B57 -> 4.999 | E57: =($D$14*($B57+1))/2 -> 17.380576 | F57: =($D$14*($B57-1))/2 -> 11.586085 | I57: =(((C57+1)*EXP(E57))*(BESSELK(E57,0)+BESSELK(E57,1)))+(((1-C57)*EXP(F57))*(BESSELK(F57,0)+BESSELK(F57,1))) -> 0.65639219 | J57: =G57+H57+I57 -> 0.65639219 | K57: =J57/MAX($J$14:$J$57) -> 0.33511998 | L57: =IF($G$4>5,K57*$I$9,K57*$J$9)+20 -> 53.868549
B58: 35 | C58: =B58 -> 35 | E58: =($D$14*($B58+1))/2 -> 104.30084 | F58: =($D$14*($B58-1))/2 -> 98.506347 | I58: =(((C58+1)*EXP(E58))*(BESSELK(E58,0)+BESSELK(E58,1)))+(((1-C58)*EXP(F58))*(BESSELK(F58,0)+BESSELK(F58,1))) -> 0.24864208 | J58: =G58+H58+I58 -> 0.24864208 | K58: =J58/MAX($J$14:$J$57) -> 0.12694382 | L58: =IF($G$4>5,K58*$I$9,K58*$J$9)+20 -> 32.829444 | M58: extreme 'tail of surface temperature', i.e. bulk temeprature surface expansion is happening against
B59: Material-specific Thermal Residual Stress Response | E59: y = -0.0057x2 + 0.0357x + 525.95
E60: R² = 0.9832
B61: T | C61: E [MPa] | D61: α | E61: σ(yield) [Mpa] | F61: v | G61: σ(equivalent) | H61: σ(RS-thermal) | I61: =MIN(I63:I1042) -> 162 | J61: Tc
B62: 20 | C62: 72000 | D62: =6.957*10^-9*B62+2.346*10^-5 -> 2.359914e-05 | E62: =(-0.0057*B62^2+0.00357*B62+523) -> 520.7914 | F62: 0.33 | G62: =C62*D62*(B62-$B$62)/(1-F62) -> 0 | H62: =IF(G62>E62,G62-E62,0) -> 0 | I62: =IF(H62>0,B62) -> FALSE | K62: Residual Stress in MPa: | L62: =IF(L44>$I$61,2.8788*L44-1365.2,0) -> 0 | M62: =IF(M44>$I$61,2.8788*M44-1365.2,0) -> 0 | N62: =IF(N44>$I$61,2.8788*N44-1365.2,0) -> 0 | O62: =IF(O44>$I$61,2.8788*O44-1365.2,0) -> 0 | P62: =IF(P44>$I$61,2.8788*P44-1365.2,0) -> 0 | Q62: =IF(Q44>$I$61,2.8788*Q44-1365.2,0) -> 0 | R62: =IF(R44>$I$61,2.8788*R44-1365.2,0) -> 0 | S62: =IF(S44>$I$61,2.8788*S44-1365.2,0) -> 0 | ... BS62: =IF(BS44>$I$61,2.8788*BS44-1365.2,0) -> 0
B63: 21 | C63: 72000 | D63: =6.957*10^-9*B63+2.346*10^-5 -> 2.3606097e-05 | E63: =(-0.0057*B63^2+0.00357*B63+523) -> 520.56127 | F63: 0.33 | G63: =C63*D63*(B63-$B$62)/(1-F63) -> 2.5367746 | H63: =IF(G63>E63,G63-E63,0) -> 0 | I63: =IF(H63>0,B63) -> FALSE | L63: =$I$61 -> 162 | M63: =$I$61 -> 162 | N63: =$I$61 -> 162 | O63: =$I$61 -> 162 | P63: =$I$61 -> 162 | Q63: =$I$61 -> 162 | R63: =$I$61 -> 162 | S63: =$I$61 -> 162 | ... BS63: =$I$61 -> 162
B64: 22 | C64: 72000 | D64: =6.957*10^-9*B64+2.346*10^-5 -> 2.3613054e-05 | E64: =(-0.0057*B64^2+0.00357*B64+523) -> 520.31974 | F64: 0.33 | G64: =C64*D64*(B64-$B$62)/(1-F64) -> 5.0750444 | H64: =IF(G64>E64,G64-E64,0) -> 0 | I64: =IF(H64>0,B64) -> FALSE
B65: 23 | C65: 72000 | D65: =6.957*10^-9*B65+2.346*10^-5 -> 2.3620011e-05 | E65: =(-0.0057*B65^2+0.00357*B65+523) -> 520.06681 | F65: 0.33 | G65: =C65*D65*(B65-$B$62)/(1-F65) -> 7.6148095 | H65: =IF(G65>E65,G65-E65,0) -> 0 | I65: =IF(H65>0,B65) -> FALSE | J65: T | K65: YS
B66: 24 | C66: 72000 | D66: =6.957*10^-9*B66+2.346*10^-5 -> 2.3626968e-05 | E66: =(-0.0057*B66^2+0.00357*B66+523) -> 519.80248 | F66: 0.33 | G66: =C66*D66*(B66-$B$62)/(1-F66) -> 10.15607 | H66: =IF(G66>E66,G66-E66,0) -> 0 | I66: =IF(H66>0,B66) -> FALSE | J66: 24 | K66: 276
B67: 25 | C67: 72000 | D67: =6.957*10^-9*B67+2.346*10^-5 -> 2.3633925e-05 | E67: =(-0.0057*B67^2+0.00357*B67+523) -> 519.52675 | F67: 0.33 | G67: =C67*D67*(B67-$B$62)/(1-F67) -> 12.698825 | H67: =IF(G67>E67,G67-E67,0) -> 0 | I67: =IF(H67>0,B67) -> FALSE | J67: 100 | K67: 262
B68: 26 | C68: 72000 | D68: =6.957*10^-9*B68+2.346*10^-5 -> 2.3640882e-05 | E68: =(-0.0057*B68^2+0.00357*B68+523) -> 519.23962 | F68: 0.33 | G68: =C68*D68*(B68-$B$62)/(1-F68) -> 15.243076 | H68: =IF(G68>E68,G68-E68,0) -> 0 | I68: =IF(H68>0,B68) -> FALSE | J68: 149 | K68: 214
B69: 27 | C69: 72000 | D69: =6.957*10^-9*B69+2.346*10^-5 -> 2.3647839e-05 | E69: =(-0.0057*B69^2+0.00357*B69+523) -> 518.94109 | F69: 0.33 | G69: =C69*D69*(B69-$B$62)/(1-F69) -> 17.788822 | H69: =IF(G69>E69,G69-E69,0) -> 0 | I69: =IF(H69>0,B69) -> FALSE | J69: 204 | K69: 103
B70: 28 | C70: 72000 | D70: =6.957*10^-9*B70+2.346*10^-5 -> 2.3654796e-05 | E70: =(-0.0057*B70^2+0.00357*B70+523) -> 518.63116 | F70: 0.33 | G70: =C70*D70*(B70-$B$62)/(1-F70) -> 20.336063 | H70: =IF(G70>E70,G70-E70,0) -> 0 | I70: =IF(H70>0,B70) -> FALSE | J70: 260 | K70: 34
B71: 29 | C71: 72000 | D71: =6.957*10^-9*B71+2.346*10^-5 -> 2.3661753e-05 | E71: =(-0.0057*B71^2+0.00357*B71+523) -> 518.30983 | F71: 0.33 | G71: =C71*D71*(B71-$B$62)/(1-F71) -> 22.8848 | H71: =IF(G71>E71,G71-E71,0) -> 0 | I71: =IF(H71>0,B71) -> FALSE | J71: 316 | K71: 19
B72: 30 | C72: 72000 | D72: =6.957*10^-9*B72+2.346*10^-5 -> 2.366871e-05 | E72: =(-0.0057*B72^2+0.00357*B72+523) -> 517.9771 | F72: 0.33 | G72: =C72*D72*(B72-$B$62)/(1-F72) -> 25.435032 | H72: =IF(G72>E72,G72-E72,0) -> 0 | I72: =IF(H72>0,B72) -> FALSE | J72: 371 | K72: 12
B73: 31 | C73: 72000 | D73: =6.957*10^-9*B73+2.346*10^-5 -> 2.3675667e-05 | E73: =(-0.0057*B73^2+0.00357*B73+523) -> 517.63297 | F73: 0.33 | G73: =C73*D73*(B73-$B$62)/(1-F73) -> 27.986759 | H73: =IF(G73>E73,G73-E73,0) -> 0 | I73: =IF(H73>0,B73) -> FALSE
B74: 32 | C74: 72000 | D74: =6.957*10^-9*B74+2.346*10^-5 -> 2.3682624e-05 | E74: =(-0.0057*B74^2+0.00357*B74+523) -> 517.27744 | F74: 0.33 | G74: =C74*D74*(B74-$B$62)/(1-F74) -> 30.539981 | H74: =IF(G74>E74,G74-E74,0) -> 0 | I74: =IF(H74>0,B74) -> FALSE
B75: 33 | C75: 72000 | D75: =6.957*10^-9*B75+2.346*10^-5 -> 2.3689581e-05 | E75: =(-0.0057*B75^2+0.00357*B75+523) -> 516.91051 | F75: 0.33 | G75: =C75*D75*(B75-$B$62)/(1-F75) -> 33.094698 | H75: =IF(G75>E75,G75-E75,0) -> 0 | I75: =IF(H75>0,B75) -> FALSE | J75: T | K75: CTE
B76: 34 | C76: 72000 | D76: =6.957*10^-9*B76+2.346*10^-5 -> 2.3696538e-05 | E76: =(-0.0057*B76^2+0.00357*B76+523) -> 516.53218 | F76: 0.33 | G76: =C76*D76*(B76-$B$62)/(1-F76) -> 35.650911 | H76: =IF(G76>E76,G76-E76,0) -> 0 | I76: =IF(H76>0,B76) -> FALSE | J76: 20 | K76: =23.6*10^-6 -> 2.36e-05 | L76: =6.957*10^-9*J76+2.346*10^-5 -> 2.359914e-05
B77: 35 | C77: 72000 | D77: =6.957*10^-9*B77+2.346*10^-5 -> 2.3703495e-05 | E77: =(-0.0057*B77^2+0.00357*B77+523) -> 516.14245 | F77: 0.33 | G77: =C77*D77*(B77-$B$62)/(1-F77) -> 38.208619 | H77: =IF(G77>E77,G77-E77,0) -> 0 | I77: =IF(H77>0,B77) -> FALSE | J77: 250 | K77: =25.2*10^-6 -> 2.52e-05 | L77: =6.957*10^-9*J77+2.346*10^-5 -> 2.519925e-05
B78: 36 | C78: 72000 | D78: =6.957*10^-9*B78+2.346*10^-5 -> 2.3710452e-05 | E78: =(-0.0057*B78^2+0.00357*B78+523) -> 515.74132 | F78: 0.33 | G78: =C78*D78*(B78-$B$62)/(1-F78) -> 40.767822 | H78: =IF(G78>E78,G78-E78,0) -> 0 | I78: =IF(H78>0,B78) -> FALSE
B79: 37 | C79: 72000 | D79: =6.957*10^-9*B79+2.346*10^-5 -> 2.3717409e-05 | E79: =(-0.0057*B79^2+0.00357*B79+523) -> 515.32879 | F79: 0.33 | G79: =C79*D79*(B79-$B$62)/(1-F79) -> 43.32852 | H79: =IF(G79>E79,G79-E79,0) -> 0 | I79: =IF(H79>0,B79) -> FALSE
B80: 38 | C80: 72000 | D80: =6.957*10^-9*B80+2.346*10^-5 -> 2.3724366e-05 | E80: =(-0.0057*B80^2+0.00357*B80+523) -> 514.90486 | F80: 0.33 | G80: =C80*D80*(B80-$B$62)/(1-F80) -> 45.890714 | H80: =IF(G80>E80,G80-E80,0) -> 0 | I80: =IF(H80>0,B80) -> FALSE | J80: {=LINEST(K66:K72,(J66:J72)^{1,2,3,4},TRUE,TRUE)} -> -9.4125888e-08 | K80: 0.00010097054 | L80: -0.034099592 | M80: 3.002017 | N80: 220.85502
B81: 39 | C81: 72000 | D81: =6.957*10^-9*B81+2.346*10^-5 -> 2.3731323e-05 | E81: =(-0.0057*B81^2+0.00357*B81+523) -> 514.46953 | F81: 0.33 | G81: =C81*D81*(B81-$B$62)/(1-F81) -> 48.454403 | H81: =IF(G81>E81,G81-E81,0) -> 0 | I81: =IF(H81>0,B81) -> FALSE | J81: 6.8180315e-08 | K81: 5.4472368e-05 | L81: 0.014314609 | M81: 1.3635403 | N81: 34.527891
B82: 40 | C82: 72000 | D82: =6.957*10^-9*B82+2.346*10^-5 -> 2.373828e-05 | E82: =(-0.0057*B82^2+0.00357*B82+523) -> 514.0228 | F82: 0.33 | G82: =C82*D82*(B82-$B$62)/(1-F82) -> 51.019587 | H82: =IF(G82>E82,G82-E82,0) -> 0 | I82: =IF(H82>0,B82) -> FALSE | J82: 0.99444158 | K82: 15.093599 | L82: #N/A | M82: #N/A | N82: #N/A
B83: 41 | C83: 72000 | D83: =6.957*10^-9*B83+2.346*10^-5 -> 2.3745237e-05 | E83: =(-0.0057*B83^2+0.00357*B83+523) -> 513.56467 | F83: 0.33 | G83: =C83*D83*(B83-$B$62)/(1-F83) -> 53.586266 | H83: =IF(G83>E83,G83-E83,0) -> 0 | I83: =IF(H83>0,B83) -> FALSE | J83: 89.453574 | K83: 2 | L83: #N/A | M83: #N/A | N83: #N/A
B84: 42 | C84: 72000 | D84: =6.957*10^-9*B84+2.346*10^-5 -> 2.3752194e-05 | E84: =(-0.0057*B84^2+0.00357*B84+523) -> 513.09514 | F84: 0.33 | G84: =C84*D84*(B84-$B$62)/(1-F84) -> 56.154441 | H84: =IF(G84>E84,G84-E84,0) -> 0 | I84: =IF(H84>0,B84) -> FALSE | J84: 81516.081 | K84: 455.63345 | L84: #N/A | M84: #N/A | N84: #N/A
B85: 43 | C85: 72000 | D85: =6.957*10^-9*B85+2.346*10^-5 -> 2.3759151e-05 | E85: =(-0.0057*B85^2+0.00357*B85+523) -> 512.61421 | F85: 0.33 | G85: =C85*D85*(B85-$B$62)/(1-F85) -> 58.724111 | H85: =IF(G85>E85,G85-E85,0) -> 0 | I85: =IF(H85>0,B85) -> FALSE | J85: #N/A | K85: #N/A | L85: #N/A | M85: #N/A | N85: #N/A
B86: 44 | C86: 72000 | D86: =6.957*10^-9*B86+2.346*10^-5 -> 2.3766108e-05 | E86: =(-0.0057*B86^2+0.00357*B86+523) -> 512.12188 | F86: 0.33 | G86: =C86*D86*(B86-$B$62)/(1-F86) -> 61.295276 | H86: =IF(G86>E86,G86-E86,0) -> 0 | I86: =IF(H86>0,B86) -> FALSE | J86: #N/A | K86: #N/A | L86: #N/A | M86: #N/A | N86: #N/A
B87: 45 | C87: 72000 | D87: =6.957*10^-9*B87+2.346*10^-5 -> 2.3773065e-05 | E87: =(-0.0057*B87^2+0.00357*B87+523) -> 511.61815 | F87: 0.33 | G87: =C87*D87*(B87-$B$62)/(1-F87) -> 63.867936 | H87: =IF(G87>E87,G87-E87,0) -> 0 | I87: =IF(H87>0,B87) -> FALSE | J87: #N/A | K87: #N/A | L87: #N/A | M87: #N/A | N87: #N/A
B88: 46 | C88: 72000 | D88: =6.957*10^-9*B88+2.346*10^-5 -> 2.3780022e-05 | E88: =(-0.0057*B88^2+0.00357*B88+523) -> 511.10302 | F88: 0.33 | G88: =C88*D88*(B88-$B$62)/(1-F88) -> 66.442091 | H88: =IF(G88>E88,G88-E88,0) -> 0 | I88: =IF(H88>0,B88) -> FALSE | J88: #N/A | K88: #N/A | L88: #N/A | M88: #N/A | N88: #N/A
B89: 47 | C89: 72000 | D89: =6.957*10^-9*B89+2.346*10^-5 -> 2.3786979e-05 | E89: =(-0.0057*B89^2+0.00357*B89+523) -> 510.57649 | F89: 0.33 | G89: =C89*D89*(B89-$B$62)/(1-F89) -> 69.017742 | H89: =IF(G89>E89,G89-E89,0) -> 0 | I89: =IF(H89>0,B89) -> FALSE
B90: 48 | C90: 72000 | D90: =6.957*10^-9*B90+2.346*10^-5 -> 2.3793936e-05 | E90: =(-0.0057*B90^2+0.00357*B90+523) -> 510.03856 | F90: 0.33 | G90: =C90*D90*(B90-$B$62)/(1-F90) -> 71.594888 | H90: =IF(G90>E90,G90-E90,0) -> 0 | I90: =IF(H90>0,B90) -> FALSE
B91: 49 | C91: 72000 | D91: =6.957*10^-9*B91+2.346*10^-5 -> 2.3800893e-05 | E91: =(-0.0057*B91^2+0.00357*B91+523) -> 509.48923 | F91: 0.33 | G91: =C91*D91*(B91-$B$62)/(1-F91) -> 74.173529 | H91: =IF(G91>E91,G91-E91,0) -> 0 | I91: =IF(H91>0,B91) -> FALSE
B92: 50 | C92: 72000 | D92: =6.957*10^-9*B92+2.346*10^-5 -> 2.380785e-05 | E92: =(-0.0057*B92^2+0.00357*B92+523) -> 508.9285 | F92: 0.33 | G92: =C92*D92*(B92-$B$62)/(1-F92) -> 76.753666 | H92: =IF(G92>E92,G92-E92,0) -> 0 | I92: =IF(H92>0,B92) -> FALSE
B93: 51 | C93: 72000 | D93: =6.957*10^-9*B93+2.346*10^-5 -> 2.3814807e-05 | E93: =(-0.0057*B93^2+0.00357*B93+523) -> 508.35637 | F93: 0.33 | G93: =C93*D93*(B93-$B$62)/(1-F93) -> 79.335297 | H93: =IF(G93>E93,G93-E93,0) -> 0 | I93: =IF(H93>0,B93) -> FALSE
B94: 52 | C94: 72000 | D94: =6.957*10^-9*B94+2.346*10^-5 -> 2.3821764e-05 | E94: =(-0.0057*B94^2+0.00357*B94+523) -> 507.77284 | F94: 0.33 | G94: =C94*D94*(B94-$B$62)/(1-F94) -> 81.918424 | H94: =IF(G94>E94,G94-E94,0) -> 0 | I94: =IF(H94>0,B94) -> FALSE
B95: 53 | C95: 72000 | D95: =6.957*10^-9*B95+2.346*10^-5 -> 2.3828721e-05 | E95: =(-0.0057*B95^2+0.00357*B95+523) -> 507.17791 | F95: 0.33 | G95: =C95*D95*(B95-$B$62)/(1-F95) -> 84.503046 | H95: =IF(G95>E95,G95-E95,0) -> 0 | I95: =IF(H95>0,B95) -> FALSE
B96: 54 | C96: 72000 | D96: =6.957*10^-9*B96+2.346*10^-5 -> 2.3835678e-05 | E96: =(-0.0057*B96^2+0.00357*B96+523) -> 506.57158 | F96: 0.33 | G96: =C96*D96*(B96-$B$62)/(1-F96) -> 87.089164 | H96: =IF(G96>E96,G96-E96,0) -> 0 | I96: =IF(H96>0,B96) -> FALSE
B97: 55 | C97: 72000 | D97: =6.957*10^-9*B97+2.346*10^-5 -> 2.3842635e-05 | E97: =(-0.0057*B97^2+0.00357*B97+523) -> 505.95385 | F97: 0.33 | G97: =C97*D97*(B97-$B$62)/(1-F97) -> 89.676776 | H97: =IF(G97>E97,G97-E97,0) -> 0 | I97: =IF(H97>0,B97) -> FALSE
B98: 56 | C98: 72000 | D98: =6.957*10^-9*B98+2.346*10^-5 -> 2.3849592e-05 | E98: =(-0.0057*B98^2+0.00357*B98+523) -> 505.32472 | F98: 0.33 | G98: =C98*D98*(B98-$B$62)/(1-F98) -> 92.265884 | H98: =IF(G98>E98,G98-E98,0) -> 0 | I98: =IF(H98>0,B98) -> FALSE
B99: 57 | C99: 72000 | D99: =6.957*10^-9*B99+2.346*10^-5 -> 2.3856549e-05 | E99: =(-0.0057*B99^2+0.00357*B99+523) -> 504.68419 | F99: 0.33 | G99: =C99*D99*(B99-$B$62)/(1-F99) -> 94.856487 | H99: =IF(G99>E99,G99-E99,0) -> 0 | I99: =IF(H99>0,B99) -> FALSE
B100: 58 | C100: 72000 | D100: =6.957*10^-9*B100+2.346*10^-5 -> 2.3863506e-05 | E100: =(-0.0057*B100^2+0.00357*B100+523) -> 504.03226 | F100: 0.33 | G100: =C100*D100*(B100-$B$62)/(1-F100) -> 97.448586 | H100: =IF(G100>E100,G100-E100,0) -> 0 | I100: =IF(H100>0,B100) -> FALSE
... B116: 74 | C116: 72000 | D116: =6.957*10^-9*B116+2.346*10^-5 -> 2.3974818e-05 | E116: =(-0.0057*B116^2+0.00357*B116+523) -> 492.05098 | F116: 0.33 | G116: =C116*D116*(B116-$B$62)/(1-F116) -> 139.12551 | H116: =IF(G116>E116,G116-E116,0) -> 0 | I116: =IF(H116>0,B116) -> FALSE
B117: 75 | C117: 72000 | D117: =6.957*10^-9*B117+2.346*10^-5 -> 2.3981775e-05 | E117: =(-0.0057*B117^2+0.00357*B117+523) -> 491.20525 | F117: 0.33 | G117: =C117*D117*(B117-$B$62)/(1-F117) -> 141.74303 | H117: =IF(G117>E117,G117-E117,0) -> 0 | I117: =IF(H117>0,B117) -> FALSE | J117: T | K117: s
B118: 76 | C118: 72000 | D118: =6.957*10^-9*B118+2.346*10^-5 -> 2.3988732e-05 | E118: =(-0.0057*B118^2+0.00357*B118+523) -> 490.34812 | F118: 0.33 | G118: =C118*D118*(B118-$B$62)/(1-F118) -> 144.36204 | H118: =IF(G118>E118,G118-E118,0) -> 0 | I118: =IF(H118>0,B118) -> FALSE
B119: 77 | C119: 72000 | D119: =6.957*10^-9*B119+2.346*10^-5 -> 2.3995689e-05 | E119: =(-0.0057*B119^2+0.00357*B119+523) -> 489.47959 | F119: 0.33 | G119: =C119*D119*(B119-$B$62)/(1-F119) -> 146.98255 | H119: =IF(G119>E119,G119-E119,0) -> 0 | I119: =IF(H119>0,B119) -> FALSE | J119: 0 | K119: 500
B120: 78 | C120: 72000 | D120: =6.957*10^-9*B120+2.346*10^-5 -> 2.4002646e-05 | E120: =(-0.0057*B120^2+0.00357*B120+523) -> 488.59966 | F120: 0.33 | G120: =C120*D120*(B120-$B$62)/(1-F120) -> 149.60455 | H120: =IF(G120>E120,G120-E120,0) -> 0 | I120: =IF(H120>0,B120) -> FALSE | J120: 50 | K120: 550
B121: 79 | C121: 72000 | D121: =6.957*10^-9*B121+2.346*10^-5 -> 2.4009603e-05 | E121: =(-0.0057*B121^2+0.00357*B121+523) -> 487.70833 | F121: 0.33 | G121: =C121*D121*(B121-$B$62)/(1-F121) -> 152.22805 | H121: =IF(G121>E121,G121-E121,0) -> 0 | I121: =IF(H121>0,B121) -> FALSE | J121: 100 | K121: 480
B122: 80 | C122: 72000 | D122: =6.957*10^-9*B122+2.346*10^-5 -> 2.401656e-05 | E122: =(-0.0057*B122^2+0.00357*B122+523) -> 486.8056 | F122: 0.33 | G122: =C122*D122*(B122-$B$62)/(1-F122) -> 154.85304 | H122: =IF(G122>E122,G122-E122,0) -> 0 | I122: =IF(H122>0,B122) -> FALSE | J122: 150 | K122: 400
...

Sheet 304SS
K1: 1
B2: FINDING PECLET NUMBER | C2: kg/m3 | D2: m | E2: J/kgK | F2: W/mK | K2: 1
B3: Cutting Speed, v | C3: Density, rho | D3: Half-width, b | E3: Specific Heat, c | F3: Thermal Conductivity, k | G3: Peclet Number, Pe | H3: Temperature, T | I3: Tool Width
B4: 0.3 | C4: 8030 | D4: =80*(10^-6) -> 8e-05 | E4: 500 | F4: 16.2 | G4: =(B4*C4*D4*E4)/(2*F4) -> 2.9740741 | H4: 20 | I4: =5*10^-3 -> 0.005
B5: =B4*60 -> 18
B6: =B5*3.2 -> 57.6
B7: FINDING FLASH TEMPERATURE
B8: Cutting Force, F | C8: Density, rho | D8: Half-width, b | E8: Specific Heat, c | F8: Thermal Conductivity, k | G8: Peclet Number, Pe | H8: C4 | I8: Flash Temp (Pe>5) | J8: Flash Temp (Pe<5)
B9: 70 | C9: =C4 -> 8030 | D9: =D4 -> 8e-05 | E9: =E4 -> 500 | F9: =F4 -> 16.2 | G9: =G4 -> 2.9740741 | H9: =(0.00527*(G4^3))-(0.192*(G4^2))+2.39*G4 -> 5.5484074 | I9: =(0.399)*((2*B9*B4)/(F9*I4))*(SQRT((F9)/(C9*E9*B4*D9))) -> 84.829377 | J9: =(0.159*H9)*((2*B9)/(C9*E9*D9*I4)) -> 76.903829
L10: z [m] | M10: =M11*$D$4 -> 8e-07 | N10: =N11*$D$4 -> 1.6e-06 | O10: =O11*$D$4 -> 2.4e-06 | P10: =P11*$D$4 -> 3.2e-06 | Q10: =Q11*$D$4 -> 4e-06 | R10: =R11*$D$4 -> 4.8e-06 | S10: =S11*$D$4 -> 5.6e-06 | T10: =T11*$D$4 -> 6.4e-06 | ... BS10: =BS11*$D$4 -> 0.0004
K11: z/b | L11: 0 | M11: 0.01 | N11: 0.02 | O11: 0.03 | P11: 0.04 | Q11: 0.05 | R11: 0.06 | S11: 0.07 | T11: 0.08 | U11: 0.09 | V11: 0.1 | W11: 0.11 | X11: 0.12 | Y11: 0.13 | Z11: 0.14 | AA11: 0.15 | AB11: 0.16 | AC11: 0.17 | AD11: 0.18 | AE11: 0.19 | AF11: 0.2 | AG11: 0.21 | AH11: 0.22 | AI11: 0.23 | AJ11: 0.24 | AK11: 0.25 | AL11: 0.26 | AM11: 0.27 | AN11: 0.28 | AO11: 0.29 | AP11: 0.3 | AQ11: 0.31 | AR11: 0.32 | AS11: 0.33 | AT11: 0.34 | AU11: 0.35 | AV11: 0.36 | AW11: 0.37 | AX11: 0.38 | AY11: 0.39 | AZ11: 0.4 | BA11: 0.41 | BB11: 0.42 | BC11: 0.43 | BD11: 0.44 | BE11: 0.45 | BF11: 0.46 | BG11: 0.47 | BH11: 0.48 | BI11: 0.49 | BJ11: 0.5 | BK11: 1 | BL11: 1.5 | BM11: 2 | BN11: 2.5 | BO11: 3 | BP11: 3.5 | BQ11: 4 | BR11: 4.5 | BS11: 5
B12: STEADY STATE TEMPERATURE
B13: x/b | D13: Peclet Number, Pe | E13: P+ | F13: P- | G13: Steady State Temp (x/b<-1) | H13: Steady State Temp (-1<x/b<1) | I13: Steady State Temp (1,x/b) | J13: summed temp profile | K13: normalized | L13: f(T)
B14: -2.001 | C14: =B14 -> -2.001 | D14: =G4 -> 2.9740741 | E14: =($D$14*($B14+1))/2 -> -1.4885241 | F14: =($D$14*($B14-1))/2 -> -4.4625981 | G14: =((C14+1)*(EXP(E14))*(BESSELK(-E14,0)-BESSELK(-E14,1)))+((1-C14)*EXP(F14)*(BESSELK(-F14,0)-BESSELK(-F14,1))) -> 0.01465919 | J14: =G14+H14+I14 -> 0.01465919 | K14: =J14/MAX($J$14:$J$57) -> 0.005566999 | L14: =IF($G$4>5,K14*$I$9,K14*$J$9)+20 -> 20.428124 | M14: =IF((1-ERF(M$10/SQRT(4*$F$4/($E$4*$C$4)*2*$D$4/$B$4)))*$L14<20,20,(1-ERF(M$10/SQRT(4*$F$4/($E$4*$C$4)*2*$D$4/$B$4)))*$L14) -> 20.229368 | N14: =IF((1-ERF(N$10/SQRT(4*$F$4/($E$4*$C$4)*2*$D$4/$B$4)))*$L14<20,20,(1-ERF(N$10/SQRT(4*$F$4/($E$4*$C$4)*2*$D$4/$B$4)))*$L14) -> 20.030643 | O14: =IF((1-ERF(O$10/SQRT(4*$F$4/($E$4*$C$4)*2*$D$4/$B$4)))*$L14<20,20,(1-ERF(O$10/SQRT(4*$F$4/($E$4*$C$4)*2*$D$4/$B$4)))*$L14) -> 20 | P14: =IF((1-ERF(P$10/SQRT(4*$F$4/($E$4*$C$4)*2*$D$4/$B$4)))*$L14<20,20,(1-ERF(P$10/SQRT(4*$F$4/($E$4*$C$4)*2*$D$4/$B$4)))*$L14) -> 20 | Q14: =IF((1-ERF(Q$10/SQRT(4*$F$4/($E$4*$C$4)*2*$D$4/$B$4)))*$L14<20,20,(1-ERF(Q$10/SQRT(4*$F$4/($E$4*$C$4)*2*$D$4/$B$4)))*$L14) -> 20 | R14: =IF((1-ERF(R$10/SQRT(4*$F$4/($E$4*$C$4)*2*$D$4/$B$4)))*$L14<20,20,(1-ERF(R$10/SQRT(4*$F$4/($E$4*$C$4)*2*$D$4/$B$4)))*$L14) -> 20 | S14: =IF((1-ERF(S$10/SQRT(4*$F$4/($E$4*$C$4)*2*$D$4/$B$4)))*$L14<20,20,(1-ERF(S$10/SQRT(4*$F$4/($E$4*$C$4)*2*$D$4/$B$4)))*$L14) -> 20 | T14: =IF((1-ERF(T$10/SQRT(4*$F$4/($E$4*$C$4)*2*$D$4/$B$4)))*$L14<20,20,(1-ERF(T$10/SQRT(4*$F$4/($E$4*$C$4)*2*$D$4/$B$4)))*$L14) -> 20 | ... BS14: =IF((1-ERF(BS$10/SQRT(4*$F$4/($E$4*$C$4)*2*$D$4/$B$4)))*$L14<20,20,(1-ERF(BS$10/SQRT(4*$F$4/($E$4*$C$4)*2*$D$4/$B$4)))*$L14) -> 20
B15: =B14+0.1 -> -1.901 | C15: =B15 -> -1.901 | E15: =($D$14*($B15+1))/2 -> -1.3398204 | F15: =($D$14*($B15-1))/2 -> -4.3138944 | G15: =((C15+1)*(EXP(E15))*(BESSELK(-E15,0)-BESSELK(-E15,1)))+((1-C15)*EXP(F15)*(BESSELK(-F15,0)-BESSELK(-F15,1))) -> 0.020494486 | J15: =G15+H15+I15 -> 0.020494486 | K15: =J15/MAX($J$14:$J$57) -> 0.007783021 | L15: =IF($G$4>5,K15*$I$9,K15*$J$9)+20 -> 20.598544 | M15: =IF((1-ERF(M$10/SQRT(4*$F$4/($E$4*$C$4)*2*$D$4/$B$4)))*$L15<20,20,(1-ERF(M$10/SQRT(4*$F$4/($E$4*$C$4)*2*$D$4/$B$4)))*$L15) -> 20.398131 | N15: =IF((1-ERF(N$10/SQRT(4*$F$4/($E$4*$C$4)*2*$D$4/$B$4)))*$L15<20,20,(1-ERF(N$10/SQRT(4*$F$4/($E$4*$C$4)*2*$D$4/$B$4)))*$L15) -> 20.197747 | O15: =IF((1-ERF(O$10/SQRT(4*$F$4/($E$4*$C$4)*2*$D$4/$B$4)))*$L15<20,20,(1-ERF(O$10/SQRT(4*$F$4/($E$4*$C$4)*2*$D$4/$B$4)))*$L15) -> 20 | P15: =IF((1-ERF(P$10/SQRT(4*$F$4/($E$4*$C$4)*2*$D$4/$B$4)))*$L15<20,20,(1-ERF(P$10/SQRT(4*$F$4/($E$4*$C$4)*2*$D$4/$B$4)))*$L15) -> 20 | Q15: =IF((1-ERF(Q$10/SQRT(4*$F$4/($E$4*$C$4)*2*$D$4/$B$4)))*$L15<20,20,(1-ERF(Q$10/SQRT(4*$F$4/($E$4*$C$4)*2*$D$4/$B$4)))*$L15) -> 20 | R15: =IF((1-ERF(R$10/SQRT(4*$F$4/($E$4*$C$4)*2*$D$4/$B$4)))*$L15<20,20,(1-ERF(R$10/SQRT(4*$F$4/($E$4*$C$4)*2*$D$4/$B$4)))*$L15) -> 20 | S15: =IF((1-ERF(S$10/SQRT(4*$F$4/($E$4*$C$4)*2*$D$4/$B$4)))*$L15<20,20,(1-ERF(S$10/SQRT(4*$F$4/($E$4*$C$4)*2*$D$4/$B$4)))*$L15) -> 20 | T15: =IF((1-ERF(T$10/SQRT(4*$F$4/($E$4*$C$4)*2*$D$4/$B$4)))*$L15<20,20,(1-ERF(T$10/SQRT(4*$F$4/($E$4*$C$4)*2*$D$4/$B$4)))*$L15) -> 20 | ... BS15: =IF((1-ERF(BS$10/SQRT(4*$F$4/($E$4*$C$4)*2*$D$4/$B$4)))*$L15<20,20,(1-ERF(BS$10/SQRT(4*$F$4/($E$4*$C$4)*2*$D$4/$B$4)))*$L15) -> 20
B16: =B15+0.1 -> -1.801 | C16: =B16 -> -1.801 | E16: =($D$14*($B16+1))/2 -> -1.1911167 | F16: =($D$14*($B16-1))/2 -> -4.1651907 | G16: =((C16+1)*(EXP(E16))*(BESSELK(-E16,0)-BESSELK(-E16,1)))+((1-C16)*EXP(F16)*(BESSELK(-F16,0)-BESSELK(-F16,1))) -> 0.028748029 | J16: =G16+H16+I16 -> 0.028748029 | K16: =J16/MAX($J$14:$J$57) -> 0.010917401 | L16: =IF($G$4>5,K16*$I$9,K16*$J$9)+20 -> 20.83959 | M16: =IF((1-ERF(M$10/SQRT(4*$F$4/($E$4*$C$4)*2*$D$4/$B$4)))*$L16<20,20,(1-ERF(M$10/SQRT(4*$F$4/($E$4*$C$4)*2*$D$4/$B$4)))*$L16) -> 20.636831 | N16: =IF((1-ERF(N$10/SQRT(4*$F$4/($E$4*$C$4)*2*$D$4/$B$4)))*$L16<20,20,(1-ERF(N$10/SQRT(4*$F$4/($E$4*$C$4)*2*$D$4/$B$4)))*$L16) -> 20.434103 | O16: =IF((1-ERF(O$10/SQRT(4*$F$4/($E$4*$C$4)*2*$D$4/$B$4)))*$L16<20,20,(1-ERF(O$10/SQRT(4*$F$4/($E$4*$C$4)*2*$D$4/$B$4)))*$L16) -> 20.231435 | P16: =IF((1-ERF(P$10/SQRT(4*$F$4/($E$4*$C$4)*2*$D$4/$B$4)))*$L16<20,20,(1-ERF(P$10/SQRT(4*$F$4/($E$4*$C$4)*2*$D$4/$B$4)))*$L16) -> 20.028857 | Q16: =IF((1-ERF(Q$10/SQRT(4*$F$4/($E$4*$C$4)*2*$D$4/$B$4)))*$L16<20,20,(1-ERF(Q$10/SQRT(4*$F$4/($E$4*$C$4)*2*$D$4/$B$4)))*$L16) -> 20 | R16: =IF((1-ERF(R$10/SQRT(4*$F$4/($E$4*$C$4)*2*$D$4/$B$4)))*$L16<20,20,(1-ERF(R$10/SQRT(4*$F$4/($E$4*$C$4)*2*$D$4/$B$4)))*$L16) -> 20 | S16: =IF((1-ERF(S$10/SQRT(4*$F$4/($E$4*$C$4)*2*$D$4/$B$4)))*$L16<20,20,(1-ERF(S$10/SQRT(4*$F$4/($E$4*$C$4)*2*$D$4/$B$4)))*$L16) -> 20 | T16: =IF((1-ERF(T$10/SQRT(4*$F$4/($E$4*$C$4)*2*$D$4/$B$4)))*$L16<20,20,(1-ERF(T$10/SQRT(4*$F$4/($E$4*$C$4)*2*$D$4/$B$4)))*$L16) -> 20 | ... BS16: =IF((1-ERF(BS$10/SQRT(4*$F$4/($E$4*$C$4)*2*$D$4/$B$4)))*$L16<20,20,(1-ERF(BS$10/SQRT(4*$F$4/($E$4*$C$4)*2*$D$4/$B$4)))*$L16) -> 20
B17: =B16+0.1 -> -1.701 | C17: =B17 -> -1.701 | E17: =($D$14*($B17+1))/2 -> -1.042413 | F17: =($D$14*($B17-1))/2 -> -4.016487 | G17: =((C17+1)*(EXP(E17))*(BESSELK(-E17,0)-BESSELK(-E17,1)))+((1-C17)*EXP(F17)*(BESSELK(-F17,0)-BESSELK(-F17,1))) -> 0.040487662 | J17: =G17+H17+I17 -> 0.040487662 | K17: =J17/MAX($J$14:$J$57) -> 0.015375664 | L17: =IF($G$4>5,K17*$I$9,K17*$J$9)+20 -> 21.182447 | M17: =IF((1-ERF(M$10/SQRT(4*$F$4/($E$4*$C$4)*2*$D$4/$B$4)))*$L17<20,20,(1-ERF(M$10/SQRT(4*$F$4/($E$4*$C$4)*2*$D$4/$B$4)))*$L17) -> 20.976353 | N17: =IF((1-ERF(N$10/SQRT(4*$F$4/($E$4*$C$4)*2*$D$4/$B$4)))*$L17<20,20,(1-ERF(N$10/SQRT(4*$F$4/($E$4*$C$4)*2*$D$4/$B$4)))*$L17) -> 20.770289 | O17: =IF((1-ERF(O$10/SQRT(4*$F$4/($E$4*$C$4)*2*$D$4/$B$4)))*$L17<20,20,(1-ERF(O$10/SQRT(4*$F$4/($E$4*$C$4)*2*$D$4/$B$4)))*$L17) -> 20.564287 | P17: =IF((1-ERF(P$10/SQRT(4*$F$4/($E$4*$C$4)*2*$D$4/$B$4)))*$L17<20,20,(1-ERF(P$10/SQRT(4*$F$4/($E$4*$C$4)*2*$D$4/$B$4)))*$L17) -> 20.358376 | Q17: =IF((1-ERF(Q$10/SQRT(4*$F$4/($E$4*$C$4)*2*$D$4/$B$4)))*$L17<20,20,(1-ERF(Q$10/SQRT(4*$F$4/($E$4*$C$4)*2*$D$4/$B$4)))*$L17) -> 20.152588 | R17: =IF((1-ERF(R$10/SQRT(4*$F$4/($E$4*$C$4)*2*$D$4/$B$4)))*$L17<20,20,(1-ERF(R$10/SQRT(4*$F$4/($E$4*$C$4)*2*$D$4/$B$4)))*$L17) -> 20 | S17: =IF((1-ERF(S$10/SQRT(4*$F$4/($E$4*$C$4)*2*$D$4/$B$4)))*$L17<20,20,(1-ERF(S$10/SQRT(4*$F$4/($E$4*$C$4)*2*$D$4/$B$4)))*$L17) -> 20 | T17: =IF((1-ERF(T$10/SQRT(4*$F$4/($E$4*$C$4)*2*$D$4/$B$4)))*$L17<20,20,(1-ERF(T$10/SQRT(4*$F$4/($E$4*$C$4)*2*$D$4/$B$4)))*$L17) -> 20 | ... BS17: =IF((1-ERF(BS$10/SQRT(4*$F$4/($E$4*$C$4)*2*$D$4/$B$4)))*$L17<20,20,(1-ERF(BS$10/SQRT(4*$F$4/($E$4*$C$4)*2*$D$4/$B$4)))*$L17) -> 20
B18: =B17+0.1 -> -1.601 | C18: =B18 -> -1.601 | E18: =($D$14*($B18+1))/2 -> -0.89370926 | F18: =($D$14*($B18-1))/2 -> -3.8677833 | G18: =((C18+1)*(EXP(E18))*(BESSELK(-E18,0)-BESSELK(-E18,1)))+((1-C18)*EXP(F18)*(BESSELK(-F18,0)-BESSELK(-F18,1))) -> 0.057304809 | J18: =G18+H18+I18 -> 0.057304809 | K18: =J18/MAX($J$14:$J$57) -> 0.021762172 | L18: =IF($G$4>5,K18*$I$9,K18*$J$9)+20 -> 21.673594 | M18: =IF((1-ERF(M$10/SQRT(4*$F$4/($E$4*$C$4)*2*$D$4/$B$4)))*$L18<20,20,(1-ERF(M$10/SQRT(4*$F$4/($E$4*$C$4)*2*$D$4/$B$4)))*$L18) -> 21.462721 | N18: =IF((1-ERF(N$10/SQRT(4*$F$4/($E$4*$C$4)*2*$D$4/$B$4)))*$L18<20,20,(1-ERF(N$10/SQRT(4*$F$4/($E$4*$C$4)*2*$D$4/$B$4)))*$L18) -> 21.25188 | O18: =IF((1-ERF(O$10/SQRT(4*$F$4/($E$4*$C$4)*2*$D$4/$B$4)))*$L18<20,20,(1-ERF(O$10/SQRT(4*$F$4/($E$4*$C$4)*2*$D$4/$B$4)))*$L18) -> 21.041101 | P18: =IF((1-ERF(P$10/SQRT(4*$F$4/($E$4*$C$4)*2*$D$4/$B$4)))*$L18<20,20,(1-ERF(P$10/SQRT(4*$F$4/($E$4*$C$4)*2*$D$4/$B$4)))*$L18) -> 20.830416 | Q18: =IF((1-ERF(Q$10/SQRT(4*$F$4/($E$4*$C$4)*2*$D$4/$B$4)))*$L18<20,20,(1-ERF(Q$10/SQRT(4*$F$4/($E$4*$C$4)*2*$D$4/$B$4)))*$L18) -> 20.619856 | R18: =IF((1-ERF(R$10/SQRT(4*$F$4/($E$4*$C$4)*2*$D$4/$B$4)))*$L18<20,20,(1-ERF(R$10/SQRT(4*$F$4/($E$4*$C$4)*2*$D$4/$B$4)))*$L18) -> 20.409453 | S18: =IF((1-ERF(S$10/SQRT(4*$F$4/($E$4*$C$4)*2*$D$4/$B$4)))*$L18<20,20,(1-ERF(S$10/SQRT(4*$F$4/($E$4*$C$4)*2*$D$4/$B$4)))*$L18) -> 20.199237 | T18: =IF((1-ERF(T$10/SQRT(4*$F$4/($E$4*$C$4)*2*$D$4/$B$4)))*$L18<20,20,(1-ERF(T$10/SQRT(4*$F$4/($E$4*$C$4)*2*$D$4/$B$4)))*$L18) -> 20 | ... BS18: =IF((1-ERF(BS$10/SQRT(4*$F$4/($E$4*$C$4)*2*$D$4/$B$4)))*$L18<20,20,(1-ERF(BS$10/SQRT(4*$F$4/($E$4*$C$4)*2*$D$4/$B$4)))*$L18) -> 20
B19: =B18+0.1 -> -1.501 | C19: =B19 -> -1.501 | E19: =($D$14*($B19+1))/2 -> -0.74500556 | F19: =($D$14*($B19-1))/2 -> -3.7190796 | G19: =((C19+1)*(EXP(E19))*(BESSELK(-E19,0)-BESSELK(-E19,1)))+((1-C19)*EXP(F19)*(BESSELK(-F19,0)-BESSELK(-F19,1))) -> 0.081620533 | J19: =G19+H19+I19 -> 0.081620533 | K19: =J19/MAX($J$14:$J$57) -> 0.030996353 | L19: =IF($G$4>5,K19*$I$9,K19*$J$9)+20 -> 22.383738 | M19: =IF((1-ERF(M$10/SQRT(4*$F$4/($E$4*$C$4)*2*$D$4/$B$4)))*$L19<20,20,(1-ERF(M$10/SQRT(4*$F$4/($E$4*$C$4)*2*$D$4/$B$4)))*$L19) -> 22.165956 | N19: =IF((1-ERF(N$10/SQRT(4*$F$4/($E$4*$C$4)*2*$D$4/$B$4)))*$L19<20,20,(1-ERF(N$10/SQRT(4*$F$4/($E$4*$C$4)*2*$D$4/$B$4)))*$L19) -> 21.948206 | O19: =IF((1-ERF(O$10/SQRT(4*$F$4/($E$4*$C$4)*2*$D$4/$B$4)))*$L19<20,20,(1-ERF(O$10/SQRT(4*$F$4/($E$4*$C$4)*2*$D$4/$B$4)))*$L19) -> 21.730521 | P19: =IF((1-ERF(P$10/SQRT(4*$F$4/($E$4*$C$4)*2*$D$4/$B$4)))*$L19<20,20,(1-ERF(P$10/SQRT(4*$F$4/($E$4*$C$4)*2*$D$4/$B$4)))*$L19) -> 21.512932 | Q19: =IF((1-ERF(Q$10/SQRT(4*$F$4/($E$4*$C$4)*2*$D$4/$B$4)))*$L19<20,20,(1-ERF(Q$10/SQRT(4*$F$4/($E$4*$C$4)*2*$D$4/$B$4)))*$L19) -> 21.295474 | R19: =IF((1-ERF(R$10/SQRT(4*$F$4/($E$4*$C$4)*2*$D$4/$B$4)))*$L19<20,20,(1-ERF(R$10/SQRT(4*$F$4/($E$4*$C$4)*2*$D$4/$B$4)))*$L19) -> 21.078176 | S19: =IF((1-ERF(S$10/SQRT(4*$F$4/($E$4*$C$4)*2*$D$4/$B$4)))*$L19<20,20,(1-ERF(S$10/SQRT(4*$F$4/($E$4*$C$4)*2*$D$4/$B$4)))*$L19) -> 20.861073 | T19: =IF((1-ERF(T$10/SQRT(4*$F$4/($E$4*$C$4)*2*$D$4/$B$4)))*$L19<20,20,(1-ERF(T$10/SQRT(4*$F$4/($E$4*$C$4)*2*$D$4/$B$4)))*$L19) -> 20.644195 | ... BS19: =IF((1-ERF(BS$10/SQRT(4*$F$4/($E$4*$C$4)*2*$D$4/$B$4)))*$L19<20,20,(1-ERF(BS$10/SQRT(4*$F$4/($E$4*$C$4)*2*$D$4/$B$4)))*$L19) -> 20
B20: =B19+0.1 -> -1.401 | C20: =B20 -> -1.401 | E20: =($D$14*($B20+1))/2 -> -0.59630185 | F20: =($D$14*($B20-1))/2 -> -3.5703759 | G20: =((C20+1)*(EXP(E20))*(BESSELK(-E20,0)-BESSELK(-E20,1)))+((1-C20)*EXP(F20)*(BESSELK(-F20,0)-BESSELK(-F20,1))) -> 0.11722921 | J20: =G20+H20+I20 -> 0.11722921 | K20: =J20/MAX($J$14:$J$57) -> 0.044519166 | L20: =IF($G$4>5,K20*$I$9,K20*$J$9)+20 -> 23.423694 | M20: =IF((1-ERF(M$10/SQRT(4*$F$4/($E$4*$C$4)*2*$D$4/$B$4)))*$L20<20,20,(1-ERF(M$10/SQRT(4*$F$4/($E$4*$C$4)*2*$D$4/$B$4)))*$L20) -> 23.195794 | N20: =IF((1-ERF(N$10/SQRT(4*$F$4/($E$4*$C$4)*2*$D$4/$B$4)))*$L20<20,20,(1-ERF(N$10/SQRT(4*$F$4/($E$4*$C$4)*2*$D$4/$B$4)))*$L20) -> 22.967927 | O20: =IF((1-ERF(O$10/SQRT(4*$F$4/($E$4*$C$4)*2*$D$4/$B$4)))*$L20<20,20,(1-ERF(O$10/SQRT(4*$F$4/($E$4*$C$4)*2*$D$4/$B$4)))*$L20) -> 22.740128 | P20: =IF((1-ERF(P$10/SQRT(4*$F$4/($E$4*$C$4)*2*$D$4/$B$4)))*$L20<20,20,(1-ERF(P$10/SQRT(4*$F$4/($E$4*$C$4)*2*$D$4/$B$4)))*$L20) -> 22.51243 | Q20: =IF((1-ERF(Q$10/SQRT(4*$F$4/($E$4*$C$4)*2*$D$4/$B$4)))*$L20<20,20,(1-ERF(Q$10/SQRT(4*$F$4/($E$4*$C$4)*2*$D$4/$B$4)))*$L20) -> 22.284868 | R20: =IF((1-ERF(R$10/SQRT(4*$F$4/($E$4*$C$4)*2*$D$4/$B$4)))*$L20<20,20,(1-ERF(R$10/SQRT(4*$F$4/($E$4*$C$4)*2*$D$4/$B$4)))*$L20) -> 22.057476 | S20: =IF((1-ERF(S$10/SQRT(4*$F$4/($E$4*$C$4)*2*$D$4/$B$4)))*$L20<20,20,(1-ERF(S$10/SQRT(4*$F$4/($E$4*$C$4)*2*$D$4/$B$4)))*$L20) -> 21.830285 | T20: =IF((1-ERF(T$10/SQRT(4*$F$4/($E$4*$C$4)*2*$D$4/$B$4)))*$L20<20,20,(1-ERF(T$10/SQRT(4*$F$4/($E$4*$C$4)*2*$D$4/$B$4)))*$L20) -> 21.603332 | ... BS20: =IF((1-ERF(BS$10/SQRT(4*$F$4/($E$4*$C$4)*2*$D$4/$B$4)))*$L20<20,20,(1-ERF(BS$10/SQRT(4*$F$4/($E$4*$C$4)*2*$D$4/$B$4)))*$L20) -> 20
B21: =B20+0.1 -> -1.301 | C21: =B21 -> -1.301 | E21: =($D$14*($B21+1))/2 -> -0.44759815 | F21: =($D$14*($B21-1))/2 -> -3.4216722 | G21: =((C21+1)*(EXP(E21))*(BESSELK(-E21,0)-BESSELK(-E21,1)))+((1-C21)*EXP(F21)*(BESSELK(-F21,0)-BESSELK(-F21,1))) -> 0.17035766 | J21: =G21+H21+I21 -> 0.17035766 | K21: =J21/MAX($J$14:$J$57) -> 0.064695317 | L21: =IF($G$4>5,K21*$I$9,K21*$J$9)+20 -> 24.975318 | M21: =IF((1-ERF(M$10/SQRT(4*$F$4/($E$4*$C$4)*2*$D$4/$B$4)))*$L21<20,20,(1-ERF(M$10/SQRT(4*$F$4/($E$4*$C$4)*2*$D$4/$B$4)))*$L21) -> 24.73232 | N21: =IF((1-ERF(N$10/SQRT(4*$F$4/($E$4*$C$4)*2*$D$4/$B$4)))*$L21<20,20,(1-ERF(N$10/SQRT(4*$F$4/($E$4*$C$4)*2*$D$4/$B$4)))*$L21) -> 24.489359 | O21: =IF((1-ERF(O$10/SQRT(4*$F$4/($E$4*$C$4)*2*$D$4/$B$4)))*$L21<20,20,(1-ERF(O$10/SQRT(4*$F$4/($E$4*$C$4)*2*$D$4/$B$4)))*$L21) -> 24.246471 | P21: =IF((1-ERF(P$10/SQRT(4*$F$4/($E$4*$C$4)*2*$D$4/$B$4)))*$L21<20,20,(1-ERF(P$10/SQRT(4*$F$4/($E$4*$C$4)*2*$D$4/$B$4)))*$L21) -> 24.00369 | Q21: =IF((1-ERF(Q$10/SQRT(4*$F$4/($E$4*$C$4)*2*$D$4/$B$4)))*$L21<20,20,(1-ERF(Q$10/SQRT(4*$F$4/($E$4*$C$4)*2*$D$4/$B$4)))*$L21) -> 23.761054 | R21: =IF((1-ERF(R$10/SQRT(4*$F$4/($E$4*$C$4)*2*$D$4/$B$4)))*$L21<20,20,(1-ERF(R$10/SQRT(4*$F$4/($E$4*$C$4)*2*$D$4/$B$4)))*$L21) -> 23.518598 | S21: =IF((1-ERF(S$10/SQRT(4*$F$4/($E$4*$C$4)*2*$D$4/$B$4)))*$L21<20,20,(1-ERF(S$10/SQRT(4*$F$4/($E$4*$C$4)*2*$D$4/$B$4)))*$L21) -> 23.276359 | T21: =IF((1-ERF(T$10/SQRT(4*$F$4/($E$4*$C$4)*2*$D$4/$B$4)))*$L21<20,20,(1-ERF(T$10/SQRT(4*$F$4/($E$4*$C$4)*2*$D$4/$B$4)))*$L21) -> 23.034371 | ... BS21: =IF((1-ERF(BS$10/SQRT(4*$F$4/($E$4*$C$4)*2*$D$4/$B$4)))*$L21<20,20,(1-ERF(BS$10/SQRT(4*$F$4/($E$4*$C$4)*2*$D$4/$B$4)))*$L21) -> 20
B22: =B21+0.1 -> -1.201 | C22: =B22 -> -1.201 | E22: =($D$14*($B22+1))/2 -> -0.29889444 | F22: =($D$14*($B22-1))/2 -> -3.2729685 | G22: =((C22+1)*(EXP(E22))*(BESSELK(-E22,0)-BESSELK(-E22,1)))+((1-C22)*EXP(F22)*(BESSELK(-F22,0)-BESSELK(-F22,1))) -> 0.25206595 | J22: =G22+H22+I22 -> 0.25206595 | K22: =J22/MAX($J$14:$J$57) -> 0.095724995 | L22: =IF($G$4>5,K22*$I$9,K22*$J$9)+20 -> 27.361619 | M22: =IF((1-ERF(M$10/SQRT(4*$F$4/($E$4*$C$4)*2*$D$4/$B$4)))*$L22<20,20,(1-ERF(M$10/SQRT(4*$F$4/($E$4*$C$4)*2*$D$4/$B$4)))*$L22) -> 27.095404 | N22: =IF((1-ERF(N$10/SQRT(4*$F$4/($E$4*$C$4)*2*$D$4/$B$4)))*$L22<20,20,(1-ERF(N$10/SQRT(4*$F$4/($E$4*$C$4)*2*$D$4/$B$4)))*$L22) -> 26.829229 | O22: =IF((1-ERF(O$10/SQRT(4*$F$4/($E$4*$C$4)*2*$D$4/$B$4)))*$L22<20,20,(1-ERF(O$10/SQRT(4*$F$4/($E$4*$C$4)*2*$D$4/$B$4)))*$L22) -> 26.563133 | P22: =IF((1-ERF(P$10/SQRT(4*$F$4/($E$4*$C$4)*2*$D$4/$B$4)))*$L22<20,20,(1-ERF(P$10/SQRT(4*$F$4/($E$4*$C$4)*2*$D$4/$B$4)))*$L22) -> 26.297156 | Q22: =IF((1-ERF(Q$10/SQRT(4*$F$4/($E$4*$C$4)*2*$D$4/$B$4)))*$L22<20,20,(1-ERF(Q$10/SQRT(4*$F$4/($E$4*$C$4)*2*$D$4/$B$4)))*$L22) -> 26.031337 | R22: =IF((1-ERF(R$10/SQRT(4*$F$4/($E$4*$C$4)*2*$D$4/$B$4)))*$L22<20,20,(1-ERF(R$10/SQRT(4*$F$4/($E$4*$C$4)*2*$D$4/$B$4)))*$L22) -> 25.765715 | S22: =IF((1-ERF(S$10/SQRT(4*$F$4/($E$4*$C$4)*2*$D$4/$B$4)))*$L22<20,20,(1-ERF(S$10/SQRT(4*$F$4/($E$4*$C$4)*2*$D$4/$B$4)))*$L22) -> 25.50033 | T22: =IF((1-ERF(T$10/SQRT(4*$F$4/($E$4*$C$4)*2*$D$4/$B$4)))*$L22<20,20,(1-ERF(T$10/SQRT(4*$F$4/($E$4*$C$4)*2*$D$4/$B$4)))*$L22) -> 25.235222 | ... BS22: =IF((1-ERF(BS$10/SQRT(4*$F$4/($E$4*$C$4)*2*$D$4/$B$4)))*$L22<20,20,(1-ERF(BS$10/SQRT(4*$F$4/($E$4*$C$4)*2*$D$4/$B$4)))*$L22) -> 20
B23: =B22+0.1 -> -1.101 | C23: =B23 -> -1.101 | E23: =($D$14*($B23+1))/2 -> -0.15019074 | F23: =($D$14*($B23-1))/2 -> -3.1242648 | G23: =((C23+1)*(EXP(E23))*(BESSELK(-E23,0)-BESSELK(-E23,1)))+((1-C23)*EXP(F23)*(BESSELK(-F23,0)-BESSELK(-F23,1))) -> 0.38549303 | J23: =G23+H23+I23 -> 0.38549303 | K23: =J23/MAX($J$14:$J$57) -> 0.14639549 | L23: =IF($G$4>5,K23*$I$9,K23*$J$9)+20 -> 31.258374 | M23: =IF((1-ERF(M$10/SQRT(4*$F$4/($E$4*$C$4)*2*$D$4/$B$4)))*$L23<20,20,(1-ERF(M$10/SQRT(4*$F$4/($E$4*$C$4)*2*$D$4/$B$4)))*$L23) -> 30.954246 | N23: =IF((1-ERF(N$10/SQRT(4*$F$4/($E$4*$C$4)*2*$D$4/$B$4)))*$L23<20,20,(1-ERF(N$10/SQRT(4*$F$4/($E$4*$C$4)*2*$D$4/$B$4)))*$L23) -> 30.650163 | O23: =IF((1-ERF(O$10/SQRT(4*$F$4/($E$4*$C$4)*2*$D$4/$B$4)))*$L23<20,20,(1-ERF(O$10/SQRT(4*$F$4/($E$4*$C$4)*2*$D$4/$B$4)))*$L23) -> 30.346171 | P23: =IF((1-ERF(P$10/SQRT(4*$F$4/($E$4*$C$4)*2*$D$4/$B$4)))*$L23<20,20,(1-ERF(P$10/SQRT(4*$F$4/($E$4*$C$4)*2*$D$4/$B$4)))*$L23) -> 30.042314 | Q23: =IF((1-ERF(Q$10/SQRT(4*$F$4/($E$4*$C$4)*2*$D$4/$B$4)))*$L23<20,20,(1-ERF(Q$10/SQRT(4*$F$4/($E$4*$C$4)*2*$D$4/$B$4)))*$L23) -> 29.738637 | R23: =IF((1-ERF(R$10/SQRT(4*$F$4/($E$4*$C$4)*2*$D$4/$B$4)))*$L23<20,20,(1-ERF(R$10/SQRT(4*$F$4/($E$4*$C$4)*2*$D$4/$B$4)))*$L23) -> 29.435187 | S23: =IF((1-ERF(S$10/SQRT(4*$F$4/($E$4*$C$4)*2*$D$4/$B$4)))*$L23<20,20,(1-ERF(S$10/SQRT(4*$F$4/($E$4*$C$4)*2*$D$4/$B$4)))*$L23) -> 29.132007 | T23: =IF((1-ERF(T$10/SQRT(4*$F$4/($E$4*$C$4)*2*$D$4/$B$4)))*$L23<20,20,(1-ERF(T$10/SQRT(4*$F$4/($E$4*$C$4)*2*$D$4/$B$4)))*$L23) -> 28.829143 | ... BS23: =IF((1-ERF(BS$10/SQRT(4*$F$4/($E$4*$C$4)*2*$D$4/$B$4)))*$L23<20,20,(1-ERF(BS$10/SQRT(4*$F$4/($E$4*$C$4)*2*$D$4/$B$4)))*$L23) -> 20
B24: =B23+0.1 -> -1.001 | C24: =B24 -> -1.001 | E24: =($D$14*($B24+1))/2 -> -0.001487037 | F24: =($D$14*($B24-1))/2 -> -2.9755611 | G24: =((C24+1)*(EXP(E24))*(BESSELK(-E24,0)-BESSELK(-E24,1)))+((1-C24)*EXP(F24)*(BESSELK(-F24,0)-BESSELK(-F24,1))) -> 0.66428333 | J24: =G24+H24+I24 -> 0.66428333 | K24: =J24/MAX($J$14:$J$57) -> 0.25226937 | L24: =IF($G$4>5,K24*$I$9,K24*$J$9)+20 -> 39.400481 | M24: =IF((1-ERF(M$10/SQRT(4*$F$4/($E$4*$C$4)*2*$D$4/$B$4)))*$L24<20,20,(1-ERF(M$10/SQRT(4*$F$4/($E$4*$C$4)*2*$D$4/$B$4)))*$L24) -> 39.017134 | N24: =IF((1-ERF(N$10/SQRT(4*$F$4/($E$4*$C$4)*2*$D$4/$B$4)))*$L24<20,20,(1-ERF(N$10/SQRT(4*$F$4/($E$4*$C$4)*2*$D$4/$B$4)))*$L24) -> 38.633844 | O24: =IF((1-ERF(O$10/SQRT(4*$F$4/($E$4*$C$4)*2*$D$4/$B$4)))*$L24<20,20,(1-ERF(O$10/SQRT(4*$F$4/($E$4*$C$4)*2*$D$4/$B$4)))*$L24) -> 38.250669 | P24: =IF((1-ERF(P$10/SQRT(4*$F$4/($E$4*$C$4)*2*$D$4/$B$4)))*$L24<20,20,(1-ERF(P$10/SQRT(4*$F$4/($E$4*$C$4)*2*$D$4/$B$4)))*$L24) -> 37.867664 | Q24: =IF((1-ERF(Q$10/SQRT(4*$F$4/($E$4*$C$4)*2*$D$4/$B$4)))*$L24<20,20,(1-ERF(Q$10/SQRT(4*$F$4/($E$4*$C$4)*2*$D$4/$B$4)))*$L24) -> 37.484887 | R24: =IF((1-ERF(R$10/SQRT(4*$F$4/($E$4*$C$4)*2*$D$4/$B$4)))*$L24<20,20,(1-ERF(R$10/SQRT(4*$F$4/($E$4*$C$4)*2*$D$4/$B$4)))*$L24) -> 37.102394 | S24: =IF((1-ERF(S$10/SQRT(4*$F$4/($E$4*$C$4)*2*$D$4/$B$4)))*$L24<20,20,(1-ERF(S$10/SQRT(4*$F$4/($E$4*$C$4)*2*$D$4/$B$4)))*$L24) -> 36.720243 | T24: =IF((1-ERF(T$10/SQRT(4*$F$4/($E$4*$C$4)*2*$D$4/$B$4)))*$L24<20,20,(1-ERF(T$10/SQRT(4*$F$4/($E$4*$C$4)*2*$D$4/$B$4)))*$L24) -> 36.338489 | ... BS24: =IF((1-ERF(BS$10/SQRT(4*$F$4/($E$4*$C$4)*2*$D$4/$B$4)))*$L24<20,20,(1-ERF(BS$10/SQRT(4*$F$4/($E$4*$C$4)*2*$D$4/$B$4)))*$L24) -> 20
B25: =B24+0.1 -> -0.901 | C25: =B25 -> -0.901 | E25: =($D$14*($B25+1))/2 -> 0.14721667 | F25: =($D$14*($B25-1))/2 -> -2.8268574 | H25: =(((C25+1)*EXP(E25))*(BESSELK(E25,0)+BESSELK(E25,1)))+(((1-C25)*EXP(F25))*(BESSELK(-F25,0)-BESSELK(-F25,1))) -> 0.99183363 | J25: =G25+H25+I25 -> 0.99183363 | K25: =J25/MAX($J$14:$J$57) -> 0.37666044 | L25: =IF($G$4>5,K25*$I$9,K25*$J$9)+20 -> 48.96663 | M25: =IF((1-ERF(M$10/SQRT(4*$F$4/($E$4*$C$4)*2*$D$4/$B$4)))*$L25<20,20,(1-ERF(M$10/SQRT(4*$F$4/($E$4*$C$4)*2*$D$4/$B$4)))*$L25) -> 48.490209 | N25: =IF((1-ERF(N$10/SQRT(4*$F$4/($E$4*$C$4)*2*$D$4/$B$4)))*$L25<20,20,(1-ERF(N$10/SQRT(4*$F$4/($E$4*$C$4)*2*$D$4/$B$4)))*$L25) -> 48.01386 | O25: =IF((1-ERF(O$10/SQRT(4*$F$4/($E$4*$C$4)*2*$D$4/$B$4)))*$L25<20,20,(1-ERF(O$10/SQRT(4*$F$4/($E$4*$C$4)*2*$D$4/$B$4)))*$L25) -> 47.537652 | P25: =IF((1-ERF(P$10/SQRT(4*$F$4/($E$4*$C$4)*2*$D$4/$B$4)))*$L25<20,20,(1-ERF(P$10/SQRT(4*$F$4/($E$4*$C$4)*2*$D$4/$B$4)))*$L25) -> 47.061656 | Q25: =IF((1-ERF(Q$10/SQRT(4*$F$4/($E$4*$C$4)*2*$D$4/$B$4)))*$L25<20,20,(1-ERF(Q$10/SQRT(4*$F$4/($E$4*$C$4)*2*$D$4/$B$4)))*$L25) -> 46.585944 | R25: =IF((1-ERF(R$10/SQRT(4*$F$4/($E$4*$C$4)*2*$D$4/$B$4)))*$L25<20,20,(1-ERF(R$10/SQRT(4*$F$4/($E$4*$C$4)*2*$D$4/$B$4)))*$L25) -> 46.110585 | S25: =IF((1-ERF(S$10/SQRT(4*$F$4/($E$4*$C$4)*2*$D$4/$B$4)))*$L25<20,20,(1-ERF(S$10/SQRT(4*$F$4/($E$4*$C$4)*2*$D$4/$B$4)))*$L25) -> 45.63565 | T25: =IF((1-ERF(T$10/SQRT(4*$F$4/($E$4*$C$4)*2*$D$4/$B$4)))*$L25<20,20,(1-ERF(T$10/SQRT(4*$F$4/($E$4*$C$4)*2*$D$4/$B$4)))*$L25) -> 45.161209 | ... BS25: =IF((1-ERF(BS$10/SQRT(4*$F$4/($E$4*$C$4)*2*$D$4/$B$4)))*$L25<20,20,(1-ERF(BS$10/SQRT(4*$F$4/($E$4*$C$4)*2*$D$4/$B$4)))*$L25) -> 20
B26: =B25+0.1 -> -0.801 | C26: =B26 -> -0.801 | E26: =($D$14*($B26+1))/2 -> 0.29592037 | F26: =($D$14*($B26-1))/2 -> -2.6781537 | H26: =(((C26+1)*EXP(E26))*(BESSELK(E26,0)+BESSELK(E26,1)))+(((1-C26)*EXP(F26))*(BESSELK(-F26,0)-BESSELK(-F26,1))) -> 1.1997987 | J26: =G26+H26+I26 -> 1.1997987 | K26: =J26/MAX($J$14:$J$57) -> 0.45563761 | L26: =IF($G$4>5,K26*$I$9,K26*$J$9)+20 -> 55.040277 | M26: =IF((1-ERF(M$10/SQRT(4*$F$4/($E$4*$C$4)*2*$D$4/$B$4)))*$L26<20,20,(1-ERF(M$10/SQRT(4*$F$4/($E$4*$C$4)*2*$D$4/$B$4)))*$L26) -> 54.504763 | N26: =IF((1-ERF(N$10/SQRT(4*$F$4/($E$4*$C$4)*2*$D$4/$B$4)))*$L26<20,20,(1-ERF(N$10/SQRT(4*$F$4/($E$4*$C$4)*2*$D$4/$B$4)))*$L26) -> 53.969329 | O26: =IF((1-ERF(O$10/SQRT(4*$F$4/($E$4*$C$4)*2*$D$4/$B$4)))*$L26<20,20,(1-ERF(O$10/SQRT(4*$F$4/($E$4*$C$4)*2*$D$4/$B$4)))*$L26) -> 53.434054 | P26: =IF((1-ERF(P$10/SQRT(4*$F$4/($E$4*$C$4)*2*$D$4/$B$4)))*$L26<20,20,(1-ERF(P$10/SQRT(4*$F$4/($E$4*$C$4)*2*$D$4/$B$4)))*$L26) -> 52.899017 | Q26: =IF((1-ERF(Q$10/SQRT(4*$F$4/($E$4*$C$4)*2*$D$4/$B$4)))*$L26<20,20,(1-ERF(Q$10/SQRT(4*$F$4/($E$4*$C$4)*2*$D$4/$B$4)))*$L26) -> 52.364299 | R26: =IF((1-ERF(R$10/SQRT(4*$F$4/($E$4*$C$4)*2*$D$4/$B$4)))*$L26<20,20,(1-ERF(R$10/SQRT(4*$F$4/($E$4*$C$4)*2*$D$4/$B$4)))*$L26) -> 51.829978 | S26: =IF((1-ERF(S$10/SQRT(4*$F$4/($E$4*$C$4)*2*$D$4/$B$4)))*$L26<20,20,(1-ERF(S$10/SQRT(4*$F$4/($E$4*$C$4)*2*$D$4/$B$4)))*$L26) -> 51.296134 | T26: =IF((1-ERF(T$10/SQRT(4*$F$4/($E$4*$C$4)*2*$D$4/$B$4)))*$L26<20,20,(1-ERF(T$10/SQRT(4*$F$4/($E$4*$C$4)*2*$D$4/$B$4)))*$L26) -> 50.762845 | ... BS26: =IF((1-ERF(BS$10/SQRT(4*$F$4/($E$4*$C$4)*2*$D$4/$B$4)))*$L26<20,20,(1-ERF(BS$10/SQRT(4*$F$4/($E$4*$C$4)*2*$D$4/$B$4)))*$L26) -> 20
B27: =B26+0.1 -> -0.701 | C27: =B27 -> -0.701 | E27: =($D$14*($B27+1))/2 -> 0.44462407 | F27: =($D$14*($B27-1))/2 -> -2.52945 | H27: =(((C27+1)*EXP(E27))*(BESSELK(E27,0)+BESSELK(E27,1)))+(((1-C27)*EXP(F27))*(BESSELK(-F27,0)-BESSELK(-F27,1))) -> 1.3711799 | J27: =G27+H27+I27 -> 1.3711799 | K27: =J27/MAX($J$14:$J$57) -> 0.52072164 | L27: =IF($G$4>5,K27*$I$9,K27*$J$9)+20 -> 60.045488 | M27: =IF((1-ERF(M$10/SQRT(4*$F$4/($E$4*$C$4)*2*$D$4/$B$4)))*$L27<20,20,(1-ERF(M$10/SQRT(4*$F$4/($E$4*$C$4)*2*$D$4/$B$4)))*$L27) -> 59.461276 | N27: =IF((1-ERF(N$10/SQRT(4*$F$4/($E$4*$C$4)*2*$D$4/$B$4)))*$L27<20,20,(1-ERF(N$10/SQRT(4*$F$4/($E$4*$C$4)*2*$D$4/$B$4)))*$L27) -> 58.87715 | O27: =IF((1-ERF(O$10/SQRT(4*$F$4/($E$4*$C$4)*2*$D$4/$B$4)))*$L27<20,20,(1-ERF(O$10/SQRT(4*$F$4/($E$4*$C$4)*2*$D$4/$B$4)))*$L27) -> 58.293199 | P27: =IF((1-ERF(P$10/SQRT(4*$F$4/($E$4*$C$4)*2*$D$4/$B$4)))*$L27<20,20,(1-ERF(P$10/SQRT(4*$F$4/($E$4*$C$4)*2*$D$4/$B$4)))*$L27) -> 57.709508 | Q27: =IF((1-ERF(Q$10/SQRT(4*$F$4/($E$4*$C$4)*2*$D$4/$B$4)))*$L27<20,20,(1-ERF(Q$10/SQRT(4*$F$4/($E$4*$C$4)*2*$D$4/$B$4)))*$L27) -> 57.126164 | R27: =IF((1-ERF(R$10/SQRT(4*$F$4/($E$4*$C$4)*2*$D$4/$B$4)))*$L27<20,20,(1-ERF(R$10/SQRT(4*$F$4/($E$4*$C$4)*2*$D$4/$B$4)))*$L27) -> 56.543253 | S27: =IF((1-ERF(S$10/SQRT(4*$F$4/($E$4*$C$4)*2*$D$4/$B$4)))*$L27<20,20,(1-ERF(S$10/SQRT(4*$F$4/($E$4*$C$4)*2*$D$4/$B$4)))*$L27) -> 55.960863 | T27: =IF((1-ERF(T$10/SQRT(4*$F$4/($E$4*$C$4)*2*$D$4/$B$4)))*$L27<20,20,(1-ERF(T$10/SQRT(4*$F$4/($E$4*$C$4)*2*$D$4/$B$4)))*$L27) -> 55.379078 | ... BS27: =IF((1-ERF(BS$10/SQRT(4*$F$4/($E$4*$C$4)*2*$D$4/$B$4)))*$L27<20,20,(1-ERF(BS$10/SQRT(4*$F$4/($E$4*$C$4)*2*$D$4/$B$4)))*$L27) -> 20
B28: =B27+0.1 -> -0.601 | C28: =B28 -> -0.601 | E28: =($D$14*($B28+1))/2 -> 0.59332778 | F28: =($D$14*($B28-1))/2 -> -2.3807463 | H28: =(((C28+1)*EXP(E28))*(BESSELK(E28,0)+BESSELK(E28,1)))+(((1-C28)*EXP(F28))*(BESSELK(-F28,0)-BESSELK(-F28,1))) -> 1.5210477 | J28: =G28+H28+I28 -> 1.5210477 | K28: =J28/MAX($J$14:$J$57) -> 0.57763566 | L28: =IF($G$4>5,K28*$I$9,K28*$J$9)+20 -> 64.422394 | M28: =IF((1-ERF(M$10/SQRT(4*$F$4/($E$4*$C$4)*2*$D$4/$B$4)))*$L28<20,20,(1-ERF(M$10/SQRT(4*$F$4/($E$4*$C$4)*2*$D$4/$B$4)))*$L28) -> 63.795597 | N28: =IF((1-ERF(N$10/SQRT(4*$F$4/($E$4*$C$4)*2*$D$4/$B$4)))*$L28<20,20,(1-ERF(N$10/SQRT(4*$F$4/($E$4*$C$4)*2*$D$4/$B$4)))*$L28) -> 63.168893 | O28: =IF((1-ERF(O$10/SQRT(4*$F$4/($E$4*$C$4)*2*$D$4/$B$4)))*$L28<20,20,(1-ERF(O$10/SQRT(4*$F$4/($E$4*$C$4)*2*$D$4/$B$4)))*$L28) -> 62.542375 | P28: =IF((1-ERF(P$10/SQRT(4*$F$4/($E$4*$C$4)*2*$D$4/$B$4)))*$L28<20,20,(1-ERF(P$10/SQRT(4*$F$4/($E$4*$C$4)*2*$D$4/$B$4)))*$L28) -> 61.916137 | Q28: =IF((1-ERF(Q$10/SQRT(4*$F$4/($E$4*$C$4)*2*$D$4/$B$4)))*$L28<20,20,(1-ERF(Q$10/SQRT(4*$F$4/($E$4*$C$4)*2*$D$4/$B$4)))*$L28) -> 61.290271 | R28: =IF((1-ERF(R$10/SQRT(4*$F$4/($E$4*$C$4)*2*$D$4/$B$4)))*$L28<20,20,(1-ERF(R$10/SQRT(4*$F$4/($E$4*$C$4)*2*$D$4/$B$4)))*$L28) -> 60.66487 | S28: =IF((1-ERF(S$10/SQRT(4*$F$4/($E$4*$C$4)*2*$D$4/$B$4)))*$L28<20,20,(1-ERF(S$10/SQRT(4*$F$4/($E$4*$C$4)*2*$D$4/$B$4)))*$L28) -> 60.040028 | T28: =IF((1-ERF(T$10/SQRT(4*$F$4/($E$4*$C$4)*2*$D$4/$B$4)))*$L28<20,20,(1-ERF(T$10/SQRT(4*$F$4/($E$4*$C$4)*2*$D$4/$B$4)))*$L28) -> 59.415835 | ... BS28: =IF((1-ERF(BS$10/SQRT(4*$F$4/($E$4*$C$4)*2*$D$4/$B$4)))*$L28<20,20,(1-ERF(BS$10/SQRT(4*$F$4/($E$4*$C$4)*2*$D$4/$B$4)))*$L28) -> 20
B29: =B28+0.1 -> -0.501 | C29: =B29 -> -0.501 | E29: =($D$14*($B29+1))/2 -> 0.74203148 | F29: =($D$14*($B29-1))/2 -> -2.2320426 | H29: =(((C29+1)*EXP(E29))*(BESSELK(E29,0)+BESSELK(E29,1)))+(((1-C29)*EXP(F29))*(BESSELK(-F29,0)-BESSELK(-F29,1))) -> 1.6560386 | J29: =G29+H29+I29 -> 1.6560386 | K29: =J29/MAX($J$14:$J$57) -> 0.62890005 | L29: =IF($G$4>5,K29*$I$9,K29*$J$9)+20 -> 68.364822 | M29: =IF((1-ERF(M$10/SQRT(4*$F$4/($E$4*$C$4)*2*$D$4/$B$4)))*$L29<20,20,(1-ERF(M$10/SQRT(4*$F$4/($E$4*$C$4)*2*$D$4/$B$4)))*$L29) -> 67.699667 | N29: =IF((1-ERF(N$10/SQRT(4*$F$4/($E$4*$C$4)*2*$D$4/$B$4)))*$L29<20,20,(1-ERF(N$10/SQRT(4*$F$4/($E$4*$C$4)*2*$D$4/$B$4)))*$L29) -> 67.034611 | O29: =IF((1-ERF(O$10/SQRT(4*$F$4/($E$4*$C$4)*2*$D$4/$B$4)))*$L29<20,20,(1-ERF(O$10/SQRT(4*$F$4/($E$4*$C$4)*2*$D$4/$B$4)))*$L29) -> 66.369752 | P29: =IF((1-ERF(P$10/SQRT(4*$F$4/($E$4*$C$4)*2*$D$4/$B$4)))*$L29<20,20,(1-ERF(P$10/SQRT(4*$F$4/($E$4*$C$4)*2*$D$4/$B$4)))*$L29) -> 65.705191 | Q29: =IF((1-ERF(Q$10/SQRT(4*$F$4/($E$4*$C$4)*2*$D$4/$B$4)))*$L29<20,20,(1-ERF(Q$10/SQRT(4*$F$4/($E$4*$C$4)*2*$D$4/$B$4)))*$L29) -> 65.041024 | R29: =IF((1-ERF(R$10/SQRT(4*$F$4/($E$4*$C$4)*2*$D$4/$B$4)))*$L29<20,20,(1-ERF(R$10/SQRT(4*$F$4/($E$4*$C$4)*2*$D$4/$B$4)))*$L29) -> 64.377351 | S29: =IF((1-ERF(S$10/SQRT(4*$F$4/($E$4*$C$4)*2*$D$4/$B$4)))*$L29<20,20,(1-ERF(S$10/SQRT(4*$F$4/($E$4*$C$4)*2*$D$4/$B$4)))*$L29) -> 63.71427 | T29: =IF((1-ERF(T$10/SQRT(4*$F$4/($E$4*$C$4)*2*$D$4/$B$4)))*$L29<20,20,(1-ERF(T$10/SQRT(4*$F$4/($E$4*$C$4)*2*$D$4/$B$4)))*$L29) -> 63.051878 | ... BS29: =IF((1-ERF(BS$10/SQRT(4*$F$4/($E$4*$C$4)*2*$D$4/$B$4)))*$L29<20,20,(1-ERF(BS$10/SQRT(4*$F$4/($E$4*$C$4)*2*$D$4/$B$4)))*$L29) -> 20
B30: =B29+0.1 -> -0.401 | C30: =B30 -> -0.401 | E30: =($D$14*($B30+1))/2 -> 0.89073519 | F30: =($D$14*($B30-1))/2 -> -2.0833389 | H30: =(((C30+1)*EXP(E30))*(BESSELK(E30,0)+BESSELK(E30,1)))+(((1-C30)*EXP(F30))*(BESSELK(-F30,0)-BESSELK(-F30,1))) -> 1.7797964 | J30: =G30+H30+I30 -> 1.7797964 | K30: =J30/MAX($J$14:$J$57) -> 0.67589852 | L30: =IF($G$4>5,K30*$I$9,K30*$J$9)+20 -> 71.979185 | M30: =IF((1-ERF(M$10/SQRT(4*$F$4/($E$4*$C$4)*2*$D$4/$B$4)))*$L30<20,20,(1-ERF(M$10/SQRT(4*$F$4/($E$4*$C$4)*2*$D$4/$B$4)))*$L30) -> 71.278864 | N30: =IF((1-ERF(N$10/SQRT(4*$F$4/($E$4*$C$4)*2*$D$4/$B$4)))*$L30<20,20,(1-ERF(N$10/SQRT(4*$F$4/($E$4*$C$4)*2*$D$4/$B$4)))*$L30) -> 70.578647 | O30: =IF((1-ERF(O$10/SQRT(4*$F$4/($E$4*$C$4)*2*$D$4/$B$4)))*$L30<20,20,(1-ERF(O$10/SQRT(4*$F$4/($E$4*$C$4)*2*$D$4/$B$4)))*$L30) -> 69.878638 | P30: =IF((1-ERF(P$10/SQRT(4*$F$4/($E$4*$C$4)*2*$D$4/$B$4)))*$L30<20,20,(1-ERF(P$10/SQRT(4*$F$4/($E$4*$C$4)*2*$D$4/$B$4)))*$L30) -> 69.178942 | Q30: =IF((1-ERF(Q$10/SQRT(4*$F$4/($E$4*$C$4)*2*$D$4/$B$4)))*$L30<20,20,(1-ERF(Q$10/SQRT(4*$F$4/($E$4*$C$4)*2*$D$4/$B$4)))*$L30) -> 68.479662 | R30: =IF((1-ERF(R$10/SQRT(4*$F$4/($E$4*$C$4)*2*$D$4/$B$4)))*$L30<20,20,(1-ERF(R$10/SQRT(4*$F$4/($E$4*$C$4)*2*$D$4/$B$4)))*$L30) -> 67.780901 | S30: =IF((1-ERF(S$10/SQRT(4*$F$4/($E$4*$C$4)*2*$D$4/$B$4)))*$L30<20,20,(1-ERF(S$10/SQRT(4*$F$4/($E$4*$C$4)*2*$D$4/$B$4)))*$L30) -> 67.082763 | T30: =IF((1-ERF(T$10/SQRT(4*$F$4/($E$4*$C$4)*2*$D$4/$B$4)))*$L30<20,20,(1-ERF(T$10/SQRT(4*$F$4/($E$4*$C$4)*2*$D$4/$B$4)))*$L30) -> 66.385352 | ... BS30: =IF((1-ERF(BS$10/SQRT(4*$F$4/($E$4*$C$4)*2*$D$4/$B$4)))*$L30<20,20,(1-ERF(BS$10/SQRT(4*$F$4/($E$4*$C$4)*2*$D$4/$B$4)))*$L30) -> 20
B31: =B30+0.1 -> -0.301 | C31: =B31 -> -0.301 | E31: =($D$14*($B31+1))/2 -> 1.0394389 | F31: =($D$14*($B31-1))/2 -> -1.9346352 | H31: =(((C31+1)*EXP(E31))*(BESSELK(E31,0)+BESSELK(E31,1)))+(((1-C31)*EXP(F31))*(BESSELK(-F31,0)-BESSELK(-F31,1))) -> 1.8945476 | J31: =G31+H31+I31 -> 1.8945476 | K31: =J31/MAX($J$14:$J$57) -> 0.71947665 | L31: =IF($G$4>5,K31*$I$9,K31*$J$9)+20 -> 75.330509 | M31: =IF((1-ERF(M$10/SQRT(4*$F$4/($E$4*$C$4)*2*$D$4/$B$4)))*$L31<20,20,(1-ERF(M$10/SQRT(4*$F$4/($E$4*$C$4)*2*$D$4/$B$4)))*$L31) -> 74.597582 | N31: =IF((1-ERF(N$10/SQRT(4*$F$4/($E$4*$C$4)*2*$D$4/$B$4)))*$L31<20,20,(1-ERF(N$10/SQRT(4*$F$4/($E$4*$C$4)*2*$D$4/$B$4)))*$L31) -> 73.864763 | O31: =IF((1-ERF(O$10/SQRT(4*$F$4/($E$4*$C$4)*2*$D$4/$B$4)))*$L31<20,20,(1-ERF(O$10/SQRT(4*$F$4/($E$4*$C$4)*2*$D$4/$B$4)))*$L31) -> 73.132162 | P31: =IF((1-ERF(P$10/SQRT(4*$F$4/($E$4*$C$4)*2*$D$4/$B$4)))*$L31<20,20,(1-ERF(P$10/SQRT(4*$F$4/($E$4*$C$4)*2*$D$4/$B$4)))*$L31) -> 72.399888 | Q31: =IF((1-ERF(Q$10/SQRT(4*$F$4/($E$4*$C$4)*2*$D$4/$B$4)))*$L31<20,20,(1-ERF(Q$10/SQRT(4*$F$4/($E$4*$C$4)*2*$D$4/$B$4)))*$L31) -> 71.66805 | R31: =IF((1-ERF(R$10/SQRT(4*$F$4/($E$4*$C$4)*2*$D$4/$B$4)))*$L31<20,20,(1-ERF(R$10/SQRT(4*$F$4/($E$4*$C$4)*2*$D$4/$B$4)))*$L31) -> 70.936755 | S31: =IF((1-ERF(S$10/SQRT(4*$F$4/($E$4*$C$4)*2*$D$4/$B$4)))*$L31<20,20,(1-ERF(S$10/SQRT(4*$F$4/($E$4*$C$4)*2*$D$4/$B$4)))*$L31) -> 70.206112 | T31: =IF((1-ERF(T$10/SQRT(4*$F$4/($E$4*$C$4)*2*$D$4/$B$4)))*$L31<20,20,(1-ERF(T$10/SQRT(4*$F$4/($E$4*$C$4)*2*$D$4/$B$4)))*$L31) -> 69.47623 | ... BS31: =IF((1-ERF(BS$10/SQRT(4*$F$4/($E$4*$C$4)*2*$D$4/$B$4)))*$L31<20,20,(1-ERF(BS$10/SQRT(4*$F$4/($E$4*$C$4)*2*$D$4/$B$4)))*$L31) -> 20
B32: =B31+0.1 -> -0.201 | C32: =B32 -> -0.201 | E32: =($D$14*($B32+1))/2 -> 1.1881426 | F32: =($D$14*($B32-1))/2 -> -1.7859315 | H32: =(((C32+1)*EXP(E32))*(BESSELK(E32,0)+BESSELK(E32,1)))+(((1-C32)*EXP(F32))*(BESSELK(-F32,0)-BESSELK(-F32,1))) -> 2.001719 | J32: =G32+H32+I32 -> 2.001719 | K32: =J32/MAX($J$14:$J$57) -> 0.76017623 | L32: =IF($G$4>5,K32*$I$9,K32*$J$9)+20 -> 78.460463 | M32: =IF((1-ERF(M$10/SQRT(4*$F$4/($E$4*$C$4)*2*$D$4/$B$4)))*$L32<20,20,(1-ERF(M$10/SQRT(4*$F$4/($E$4*$C$4)*2*$D$4/$B$4)))*$L32) -> 77.697082 | N32: =IF((1-ERF(N$10/SQRT(4*$F$4/($E$4*$C$4)*2*$D$4/$B$4)))*$L32<20,20,(1-ERF(N$10/SQRT(4*$F$4/($E$4*$C$4)*2*$D$4/$B$4)))*$L32) -> 76.933815 | O32: =IF((1-ERF(O$10/SQRT(4*$F$4/($E$4*$C$4)*2*$D$4/$B$4)))*$L32<20,20,(1-ERF(O$10/SQRT(4*$F$4/($E$4*$C$4)*2*$D$4/$B$4)))*$L32) -> 76.170775 | P32: =IF((1-ERF(P$10/SQRT(4*$F$4/($E$4*$C$4)*2*$D$4/$B$4)))*$L32<20,20,(1-ERF(P$10/SQRT(4*$F$4/($E$4*$C$4)*2*$D$4/$B$4)))*$L32) -> 75.408076 | Q32: =IF((1-ERF(Q$10/SQRT(4*$F$4/($E$4*$C$4)*2*$D$4/$B$4)))*$L32<20,20,(1-ERF(Q$10/SQRT(4*$F$4/($E$4*$C$4)*2*$D$4/$B$4)))*$L32) -> 74.645829 | R32: =IF((1-ERF(R$10/SQRT(4*$F$4/($E$4*$C$4)*2*$D$4/$B$4)))*$L32<20,20,(1-ERF(R$10/SQRT(4*$F$4/($E$4*$C$4)*2*$D$4/$B$4)))*$L32) -> 73.88415 | S32: =IF((1-ERF(S$10/SQRT(4*$F$4/($E$4*$C$4)*2*$D$4/$B$4)))*$L32<20,20,(1-ERF(S$10/SQRT(4*$F$4/($E$4*$C$4)*2*$D$4/$B$4)))*$L32) -> 73.123149 | T32: =IF((1-ERF(T$10/SQRT(4*$F$4/($E$4*$C$4)*2*$D$4/$B$4)))*$L32<20,20,(1-ERF(T$10/SQRT(4*$F$4/($E$4*$C$4)*2*$D$4/$B$4)))*$L32) -> 72.362941 | ... BS32: =IF((1-ERF(BS$10/SQRT(4*$F$4/($E$4*$C$4)*2*$D$4/$B$4)))*$L32<20,20,(1-ERF(BS$10/SQRT(4*$F$4/($E$4*$C$4)*2*$D$4/$B$4)))*$L32) -> 20
B33: =B32+0.1 -> -0.101 | C33: =B33 -> -0.101 | E33: =($D$14*($B33+1))/2 -> 1.3368463 | F33: =($D$14*($B33-1))/2 -> -1.6372278 | H33: =(((C33+1)*EXP(E33))*(BESSELK(E33,0)+BESSELK(E33,1)))+(((1-C33)*EXP(F33))*(BESSELK(-F33,0)-BESSELK(-F33,1))) -> 2.102216 | J33: =G33+H33+I33 -> 2.102216 | K33: =J33/MAX($J$14:$J$57) -> 0.79834113 | L33: =IF($G$4>5,K33*$I$9,K33*$J$9)+20 -> 81.39549 | M33: =IF((1-ERF(M$10/SQRT(4*$F$4/($E$4*$C$4)*2*$D$4/$B$4)))*$L33<20,20,(1-ERF(M$10/SQRT(4*$F$4/($E$4*$C$4)*2*$D$4/$B$4)))*$L33) -> 80.603553 | N33: =IF((1-ERF(N$10/SQRT(4*$F$4/($E$4*$C$4)*2*$D$4/$B$4)))*$L33<20,20,(1-ERF(N$10/SQRT(4*$F$4/($E$4*$C$4)*2*$D$4/$B$4)))*$L33) -> 79.811734 | O33: =IF((1-ERF(O$10/SQRT(4*$F$4/($E$4*$C$4)*2*$D$4/$B$4)))*$L33<20,20,(1-ERF(O$10/SQRT(4*$F$4/($E$4*$C$4)*2*$D$4/$B$4)))*$L33) -> 79.020151 | P33: =IF((1-ERF(P$10/SQRT(4*$F$4/($E$4*$C$4)*2*$D$4/$B$4)))*$L33<20,20,(1-ERF(P$10/SQRT(4*$F$4/($E$4*$C$4)*2*$D$4/$B$4)))*$L33) -> 78.22892 | Q33: =IF((1-ERF(Q$10/SQRT(4*$F$4/($E$4*$C$4)*2*$D$4/$B$4)))*$L33<20,20,(1-ERF(Q$10/SQRT(4*$F$4/($E$4*$C$4)*2*$D$4/$B$4)))*$L33) -> 77.43816 | R33: =IF((1-ERF(R$10/SQRT(4*$F$4/($E$4*$C$4)*2*$D$4/$B$4)))*$L33<20,20,(1-ERF(R$10/SQRT(4*$F$4/($E$4*$C$4)*2*$D$4/$B$4)))*$L33) -> 76.647988 | S33: =IF((1-ERF(S$10/SQRT(4*$F$4/($E$4*$C$4)*2*$D$4/$B$4)))*$L33<20,20,(1-ERF(S$10/SQRT(4*$F$4/($E$4*$C$4)*2*$D$4/$B$4)))*$L33) -> 75.85852 | T33: =IF((1-ERF(T$10/SQRT(4*$F$4/($E$4*$C$4)*2*$D$4/$B$4)))*$L33<20,20,(1-ERF(T$10/SQRT(4*$F$4/($E$4*$C$4)*2*$D$4/$B$4)))*$L33) -> 75.069874 | ... BS33: =IF((1-ERF(BS$10/SQRT(4*$F$4/($E$4*$C$4)*2*$D$4/$B$4)))*$L33<20,20,(1-ERF(BS$10/SQRT(4*$F$4/($E$4*$C$4)*2*$D$4/$B$4)))*$L33) -> 20
B34: =B33+0.1 -> -0.001 | C34: =B34 -> -0.001 | E34: =($D$14*($B34+1))/2 -> 1.48555 | F34: =($D$14*($B34-1))/2 -> -1.4885241 | H34: =(((C34+1)*EXP(E34))*(BESSELK(E34,0)+BESSELK(E34,1)))+(((1-C34)*EXP(F34))*(BESSELK(-F34,0)-BESSELK(-F34,1))) -> 2.1965509 | J34: =G34+H34+I34 -> 2.1965509 | K34: =J34/MAX($J$14:$J$57) -> 0.83416592 | L34: =IF($G$4>5,K34*$I$9,K34*$J$9)+20 -> 84.150553 | M34: =IF((1-ERF(M$10/SQRT(4*$F$4/($E$4*$C$4)*2*$D$4/$B$4)))*$L34<20,20,(1-ERF(M$10/SQRT(4*$F$4/($E$4*$C$4)*2*$D$4/$B$4)))*$L34) -> 83.331811 | N34: =IF((1-ERF(N$10/SQRT(4*$F$4/($E$4*$C$4)*2*$D$4/$B$4)))*$L34<20,20,(1-ERF(N$10/SQRT(4*$F$4/($E$4*$C$4)*2*$D$4/$B$4)))*$L34) -> 82.513191 | O34: =IF((1-ERF(O$10/SQRT(4*$F$4/($E$4*$C$4)*2*$D$4/$B$4)))*$L34<20,20,(1-ERF(O$10/SQRT(4*$F$4/($E$4*$C$4)*2*$D$4/$B$4)))*$L34) -> 81.694814 | P34: =IF((1-ERF(P$10/SQRT(4*$F$4/($E$4*$C$4)*2*$D$4/$B$4)))*$L34<20,20,(1-ERF(P$10/SQRT(4*$F$4/($E$4*$C$4)*2*$D$4/$B$4)))*$L34) -> 80.876802 | Q34: =IF((1-ERF(Q$10/SQRT(4*$F$4/($E$4*$C$4)*2*$D$4/$B$4)))*$L34<20,20,(1-ERF(Q$10/SQRT(4*$F$4/($E$4*$C$4)*2*$D$4/$B$4)))*$L34) -> 80.059276 | R34: =IF((1-ERF(R$10/SQRT(4*$F$4/($E$4*$C$4)*2*$D$4/$B$4)))*$L34<20,20,(1-ERF(R$10/SQRT(4*$F$4/($E$4*$C$4)*2*$D$4/$B$4)))*$L34) -> 79.242358 | S34: =IF((1-ERF(S$10/SQRT(4*$F$4/($E$4*$C$4)*2*$D$4/$B$4)))*$L34<20,20,(1-ERF(S$10/SQRT(4*$F$4/($E$4*$C$4)*2*$D$4/$B$4)))*$L34) -> 78.426169 | T34: =IF((1-ERF(T$10/SQRT(4*$F$4/($E$4*$C$4)*2*$D$4/$B$4)))*$L34<20,20,(1-ERF(T$10/SQRT(4*$F$4/($E$4*$C$4)*2*$D$4/$B$4)))*$L34) -> 77.610828 | ... BS34: =IF((1-ERF(BS$10/SQRT(4*$F$4/($E$4*$C$4)*2*$D$4/$B$4)))*$L34<20,20,(1-ERF(BS$10/SQRT(4*$F$4/($E$4*$C$4)*2*$D$4/$B$4)))*$L34) -> 20
B35: =B34+0.1 -> 0.099 | C35: =B35 -> 0.099 | E35: =($D$14*($B35+1))/2 -> 1.6342537 | F35: =($D$14*($B35-1))/2 -> -1.3398204 | H35: =(((C35+1)*EXP(E35))*(BESSELK(E35,0)+BESSELK(E35,1)))+(((1-C35)*EXP(F35))*(BESSELK(-F35,0)-BESSELK(-F35,1))) -> 2.2848875 | J35: =G35+H35+I35 -> 2.2848875 | K35: =J35/MAX($J$14:$J$57) -> 0.86771279 | L35: =IF($G$4>5,K35*$I$9,K35*$J$9)+20 -> 86.730436 | M35: =IF((1-ERF(M$10/SQRT(4*$F$4/($E$4*$C$4)*2*$D$4/$B$4)))*$L35<20,20,(1-ERF(M$10/SQRT(4*$F$4/($E$4*$C$4)*2*$D$4/$B$4)))*$L35) -> 85.886593 | N35: =IF((1-ERF(N$10/SQRT(4*$F$4/($E$4*$C$4)*2*$D$4/$B$4)))*$L35<20,20,(1-ERF(N$10/SQRT(4*$F$4/($E$4*$C$4)*2*$D$4/$B$4)))*$L35) -> 85.042875 | O35: =IF((1-ERF(O$10/SQRT(4*$F$4/($E$4*$C$4)*2*$D$4/$B$4)))*$L35<20,20,(1-ERF(O$10/SQRT(4*$F$4/($E$4*$C$4)*2*$D$4/$B$4)))*$L35) -> 84.199409 | P35: =IF((1-ERF(P$10/SQRT(4*$F$4/($E$4*$C$4)*2*$D$4/$B$4)))*$L35<20,20,(1-ERF(P$10/SQRT(4*$F$4/($E$4*$C$4)*2*$D$4/$B$4)))*$L35) -> 83.356318 | Q35: =IF((1-ERF(Q$10/SQRT(4*$F$4/($E$4*$C$4)*2*$D$4/$B$4)))*$L35<20,20,(1-ERF(Q$10/SQRT(4*$F$4/($E$4*$C$4)*2*$D$4/$B$4)))*$L35) -> 82.513729 | R35: =IF((1-ERF(R$10/SQRT(4*$F$4/($E$4*$C$4)*2*$D$4/$B$4)))*$L35<20,20,(1-ERF(R$10/SQRT(4*$F$4/($E$4*$C$4)*2*$D$4/$B$4)))*$L35) -> 81.671766 | S35: =IF((1-ERF(S$10/SQRT(4*$F$4/($E$4*$C$4)*2*$D$4/$B$4)))*$L35<20,20,(1-ERF(S$10/SQRT(4*$F$4/($E$4*$C$4)*2*$D$4/$B$4)))*$L35) -> 80.830554 | T35: =IF((1-ERF(T$10/SQRT(4*$F$4/($E$4*$C$4)*2*$D$4/$B$4)))*$L35<20,20,(1-ERF(T$10/SQRT(4*$F$4/($E$4*$C$4)*2*$D$4/$B$4)))*$L35) -> 79.990217 | ... BS35: =IF((1-ERF(BS$10/SQRT(4*$F$4/($E$4*$C$4)*2*$D$4/$B$4)))*$L35<20,20,(1-ERF(BS$10/SQRT(4*$F$4/($E$4*$C$4)*2*$D$4/$B$4)))*$L35) -> 20
B36: =B35+0.1 -> 0.199 | C36: =B36 -> 0.199 | E36: =($D$14*($B36+1))/2 -> 1.7829574 | F36: =($D$14*($B36-1))/2 -> -1.1911167 | H36: =(((C36+1)*EXP(E36))*(BESSELK(E36,0)+BESSELK(E36,1)))+(((1-C36)*EXP(F36))*(BESSELK(-F36,0)-BESSELK(-F36,1))) -> 2.3670252 | J36: =G36+H36+I36 -> 2.3670252 | K36: =J36/MAX($J$14:$J$57) -> 0.89890553 | L36: =IF($G$4>5,K36*$I$9,K36*$J$9)+20 -> 89.129277 | M36: =IF((1-ERF(M$10/SQRT(4*$F$4/($E$4*$C$4)*2*$D$4/$B$4)))*$L36<20,20,(1-ERF(M$10/SQRT(4*$F$4/($E$4*$C$4)*2*$D$4/$B$4)))*$L36) -> 88.262094 | N36: =IF((1-ERF(N$10/SQRT(4*$F$4/($E$4*$C$4)*2*$D$4/$B$4)))*$L36<20,20,(1-ERF(N$10/SQRT(4*$F$4/($E$4*$C$4)*2*$D$4/$B$4)))*$L36) -> 87.395041 | O36: =IF((1-ERF(O$10/SQRT(4*$F$4/($E$4*$C$4)*2*$D$4/$B$4)))*$L36<20,20,(1-ERF(O$10/SQRT(4*$F$4/($E$4*$C$4)*2*$D$4/$B$4)))*$L36) -> 86.528245 | P36: =IF((1-ERF(P$10/SQRT(4*$F$4/($E$4*$C$4)*2*$D$4/$B$4)))*$L36<20,20,(1-ERF(P$10/SQRT(4*$F$4/($E$4*$C$4)*2*$D$4/$B$4)))*$L36) -> 85.661835 | Q36: =IF((1-ERF(Q$10/SQRT(4*$F$4/($E$4*$C$4)*2*$D$4/$B$4)))*$L36<20,20,(1-ERF(Q$10/SQRT(4*$F$4/($E$4*$C$4)*2*$D$4/$B$4)))*$L36) -> 84.795941 | R36: =IF((1-ERF(R$10/SQRT(4*$F$4/($E$4*$C$4)*2*$D$4/$B$4)))*$L36<20,20,(1-ERF(R$10/SQRT(4*$F$4/($E$4*$C$4)*2*$D$4/$B$4)))*$L36) -> 83.930691 | S36: =IF((1-ERF(S$10/SQRT(4*$F$4/($E$4*$C$4)*2*$D$4/$B$4)))*$L36<20,20,(1-ERF(S$10/SQRT(4*$F$4/($E$4*$C$4)*2*$D$4/$B$4)))*$L36) -> 83.066212 | T36: =IF((1-ERF(T$10/SQRT(4*$F$4/($E$4*$C$4)*2*$D$4/$B$4)))*$L36<20,20,(1-ERF(T$10/SQRT(4*$F$4/($E$4*$C$4)*2*$D$4/$B$4)))*$L36) -> 82.202632 | ... BS36: =IF((1-ERF(BS$10/SQRT(4*$F$4/($E$4*$C$4)*2*$D$4/$B$4)))*$L36<20,20,(1-ERF(BS$10/SQRT(4*$F$4/($E$4*$C$4)*2*$D$4/$B$4)))*$L36) -> 20
... B44: =B43+0.1 -> 0.999 | C44: =B44 -> 0.999 | E44: =($D$14*($B44+1))/2 -> 2.972587 | F44: =($D$14*($B44-1))/2 -> -0.001487037 | H44: =(((C44+1)*EXP(E44))*(BESSELK(E44,0)+BESSELK(E44,1)))+(((1-C44)*EXP(F44))*(BESSELK(-F44,0)-BESSELK(-F44,1))) -> 2.3571303 | J44: =G44+H44+I44 -> 2.3571303 | K44: =J44/MAX($J$14:$J$57) -> 0.89514784 | L44: =IF($G$4>5,K44*$I$9,K44*$J$9)+20 -> 88.840297 | M44: =IF((1-ERF(M$10/SQRT(4*$F$4/($E$4*$C$4)*2*$D$4/$B$4)))*$L44<20,20,(1-ERF(M$10/SQRT(4*$F$4/($E$4*$C$4)*2*$D$4/$B$4)))*$L44) -> 87.975926 | N44: =IF((1-ERF(N$10/SQRT(4*$F$4/($E$4*$C$4)*2*$D$4/$B$4)))*$L44<20,20,(1-ERF(N$10/SQRT(4*$F$4/($E$4*$C$4)*2*$D$4/$B$4)))*$L44) -> 87.111683 | O44: =IF((1-ERF(O$10/SQRT(4*$F$4/($E$4*$C$4)*2*$D$4/$B$4)))*$L44<20,20,(1-ERF(O$10/SQRT(4*$F$4/($E$4*$C$4)*2*$D$4/$B$4)))*$L44) -> 86.247698 | P44: =IF((1-ERF(P$10/SQRT(4*$F$4/($E$4*$C$4)*2*$D$4/$B$4)))*$L44<20,20,(1-ERF(P$10/SQRT(4*$F$4/($E$4*$C$4)*2*$D$4/$B$4)))*$L44) -> 85.384097 | Q44: =IF((1-ERF(Q$10/SQRT(4*$F$4/($E$4*$C$4)*2*$D$4/$B$4)))*$L44<20,20,(1-ERF(Q$10/SQRT(4*$F$4/($E$4*$C$4)*2*$D$4/$B$4)))*$L44) -> 84.521011 | R44: =IF((1-ERF(R$10/SQRT(4*$F$4/($E$4*$C$4)*2*$D$4/$B$4)))*$L44<20,20,(1-ERF(R$10/SQRT(4*$F$4/($E$4*$C$4)*2*$D$4/$B$4)))*$L44) -> 83.658566 | S44: =IF((1-ERF(S$10/SQRT(4*$F$4/($E$4*$C$4)*2*$D$4/$B$4)))*$L44<20,20,(1-ERF(S$10/SQRT(4*$F$4/($E$4*$C$4)*2*$D$4/$B$4)))*$L44) -> 82.79689 | T44: =IF((1-ERF(T$10/SQRT(4*$F$4/($E$4*$C$4)*2*$D$4/$B$4)))*$L44<20,20,(1-ERF(T$10/SQRT(4*$F$4/($E$4*$C$4)*2*$D$4/$B$4)))*$L44) -> 81.93611 | ... BS44: =IF((1-ERF(BS$10/SQRT(4*$F$4/($E$4*$C$4)*2*$D$4/$B$4)))*$L44<20,20,(1-ERF(BS$10/SQRT(4*$F$4/($E$4*$C$4)*2*$D$4/$B$4)))*$L44) -> 20
B45: =B44+0.1 -> 1.099 | C45: =B45 -> 1.099 | E45: =($D$14*($B45+1))/2 -> 3.1212907 | F45: =($D$14*($B45-1))/2 -> 0.14721667 | I45: =(((C45+1)*EXP(E45))*(BESSELK(E45,0)+BESSELK(E45,1)))+(((1-C45)*EXP(F45))*(BESSELK(F45,0)+BESSELK(F45,1))) -> 2.0986406 | J45: =G45+H45+I45 -> 2.0986406 | K45: =J45/MAX($J$14:$J$57) -> 0.79698334 | L45: =IF($G$4>5,K45*$I$9,K45*$J$9)+20 -> 81.291071 | M45: =IF((1-ERF(M$10/SQRT(4*$F$4/($E$4*$C$4)*2*$D$4/$B$4)))*$L45<20,20,(1-ERF(M$10/SQRT(4*$F$4/($E$4*$C$4)*2*$D$4/$B$4)))*$L45) -> 80.50015 | N45: =IF((1-ERF(N$10/SQRT(4*$F$4/($E$4*$C$4)*2*$D$4/$B$4)))*$L45<20,20,(1-ERF(N$10/SQRT(4*$F$4/($E$4*$C$4)*2*$D$4/$B$4)))*$L45) -> 79.709347 | O45: =IF((1-ERF(O$10/SQRT(4*$F$4/($E$4*$C$4)*2*$D$4/$B$4)))*$L45<20,20,(1-ERF(O$10/SQRT(4*$F$4/($E$4*$C$4)*2*$D$4/$B$4)))*$L45) -> 78.918779 | P45: =IF((1-ERF(P$10/SQRT(4*$F$4/($E$4*$C$4)*2*$D$4/$B$4)))*$L45<20,20,(1-ERF(P$10/SQRT(4*$F$4/($E$4*$C$4)*2*$D$4/$B$4)))*$L45) -> 78.128563 | Q45: =IF((1-ERF(Q$10/SQRT(4*$F$4/($E$4*$C$4)*2*$D$4/$B$4)))*$L45<20,20,(1-ERF(Q$10/SQRT(4*$F$4/($E$4*$C$4)*2*$D$4/$B$4)))*$L45) -> 77.338818 | R45: =IF((1-ERF(R$10/SQRT(4*$F$4/($E$4*$C$4)*2*$D$4/$B$4)))*$L45<20,20,(1-ERF(R$10/SQRT(4*$F$4/($E$4*$C$4)*2*$D$4/$B$4)))*$L45) -> 76.549659 | S45: =IF((1-ERF(S$10/SQRT(4*$F$4/($E$4*$C$4)*2*$D$4/$B$4)))*$L45<20,20,(1-ERF(S$10/SQRT(4*$F$4/($E$4*$C$4)*2*$D$4/$B$4)))*$L45) -> 75.761204 | T45: =IF((1-ERF(T$10/SQRT(4*$F$4/($E$4*$C$4)*2*$D$4/$B$4)))*$L45<20,20,(1-ERF(T$10/SQRT(4*$F$4/($E$4*$C$4)*2*$D$4/$B$4)))*$L45) -> 74.973569 | ... BS45: =IF((1-ERF(BS$10/SQRT(4*$F$4/($E$4*$C$4)*2*$D$4/$B$4)))*$L45<20,20,(1-ERF(BS$10/SQRT(4*$F$4/($E$4*$C$4)*2*$D$4/$B$4)))*$L45) -> 20
B46: =B45+0.1 -> 1.199 | C46: =B46 -> 1.199 | E46: =($D$14*($B46+1))/2 -> 3.2699944 | F46: =($D$14*($B46-1))/2 -> 0.29592037 | I46: =(((C46+1)*EXP(E46))*(BESSELK(E46,0)+BESSELK(E46,1)))+(((1-C46)*EXP(F46))*(BESSELK(F46,0)+BESSELK(F46,1))) -> 1.9581237 | J46: =G46+H46+I46 -> 1.9581237 | K46: =J46/MAX($J$14:$J$57) -> 0.74362042 | L46: =IF($G$4>5,K46*$I$9,K46*$J$9)+20 -> 77.187258 | M46: =IF((1-ERF(M$10/SQRT(4*$F$4/($E$4*$C$4)*2*$D$4/$B$4)))*$L46<20,20,(1-ERF(M$10/SQRT(4*$F$4/($E$4*$C$4)*2*$D$4/$B$4)))*$L46) -> 76.436265 | N46: =IF((1-ERF(N$10/SQRT(4*$F$4/($E$4*$C$4)*2*$D$4/$B$4)))*$L46<20,20,(1-ERF(N$10/SQRT(4*$F$4/($E$4*$C$4)*2*$D$4/$B$4)))*$L46) -> 75.685384 | O46: =IF((1-ERF(O$10/SQRT(4*$F$4/($E$4*$C$4)*2*$D$4/$B$4)))*$L46<20,20,(1-ERF(O$10/SQRT(4*$F$4/($E$4*$C$4)*2*$D$4/$B$4)))*$L46) -> 74.934726 | P46: =IF((1-ERF(P$10/SQRT(4*$F$4/($E$4*$C$4)*2*$D$4/$B$4)))*$L46<20,20,(1-ERF(P$10/SQRT(4*$F$4/($E$4*$C$4)*2*$D$4/$B$4)))*$L46) -> 74.184403 | Q46: =IF((1-ERF(Q$10/SQRT(4*$F$4/($E$4*$C$4)*2*$D$4/$B$4)))*$L46<20,20,(1-ERF(Q$10/SQRT(4*$F$4/($E$4*$C$4)*2*$D$4/$B$4)))*$L46) -> 73.434526 | R46: =IF((1-ERF(R$10/SQRT(4*$F$4/($E$4*$C$4)*2*$D$4/$B$4)))*$L46<20,20,(1-ERF(R$10/SQRT(4*$F$4/($E$4*$C$4)*2*$D$4/$B$4)))*$L46) -> 72.685206 | S46: =IF((1-ERF(S$10/SQRT(4*$F$4/($E$4*$C$4)*2*$D$4/$B$4)))*$L46<20,20,(1-ERF(S$10/SQRT(4*$F$4/($E$4*$C$4)*2*$D$4/$B$4)))*$L46) -> 71.936555 | T46: =IF((1-ERF(T$10/SQRT(4*$F$4/($E$4*$C$4)*2*$D$4/$B$4)))*$L46<20,20,(1-ERF(T$10/SQRT(4*$F$4/($E$4*$C$4)*2*$D$4/$B$4)))*$L46) -> 71.188683 | ... BS46: =IF((1-ERF(BS$10/SQRT(4*$F$4/($E$4*$C$4)*2*$D$4/$B$4)))*$L46<20,20,(1-ERF(BS$10/SQRT(4*$F$4/($E$4*$C$4)*2*$D$4/$B$4)))*$L46) -> 20
B47: =B46+0.1 -> 1.299 | C47: =B47 -> 1.299 | E47: =($D$14*($B47+1))/2 -> 3.4186981 | F47: =($D$14*($B47-1))/2 -> 0.44462407 | I47: =(((C47+1)*EXP(E47))*(BESSELK(E47,0)+BESSELK(E47,1)))+(((1-C47)*EXP(F47))*(BESSELK(F47,0)+BESSELK(F47,1))) -> 1.8526446 | J47: =G47+H47+I47 -> 1.8526446 | K47: =J47/MAX($J$14:$J$57) -> 0.70356349 | L47: =IF($G$4>5,K47*$I$9,K47*$J$9)+20 -> 74.106726 | M47: =IF((1-ERF(M$10/SQRT(4*$F$4/($E$4*$C$4)*2*$D$4/$B$4)))*$L47<20,20,(1-ERF(M$10/SQRT(4*$F$4/($E$4*$C$4)*2*$D$4/$B$4)))*$L47) -> 73.385705 | N47: =IF((1-ERF(N$10/SQRT(4*$F$4/($E$4*$C$4)*2*$D$4/$B$4)))*$L47<20,20,(1-ERF(N$10/SQRT(4*$F$4/($E$4*$C$4)*2*$D$4/$B$4)))*$L47) -> 72.664792 | O47: =IF((1-ERF(O$10/SQRT(4*$F$4/($E$4*$C$4)*2*$D$4/$B$4)))*$L47<20,20,(1-ERF(O$10/SQRT(4*$F$4/($E$4*$C$4)*2*$D$4/$B$4)))*$L47) -> 71.944092 | P47: =IF((1-ERF(P$10/SQRT(4*$F$4/($E$4*$C$4)*2*$D$4/$B$4)))*$L47<20,20,(1-ERF(P$10/SQRT(4*$F$4/($E$4*$C$4)*2*$D$4/$B$4)))*$L47) -> 71.223715 | Q47: =IF((1-ERF(Q$10/SQRT(4*$F$4/($E$4*$C$4)*2*$D$4/$B$4)))*$L47<20,20,(1-ERF(Q$10/SQRT(4*$F$4/($E$4*$C$4)*2*$D$4/$B$4)))*$L47) -> 70.503765 | R47: =IF((1-ERF(R$10/SQRT(4*$F$4/($E$4*$C$4)*2*$D$4/$B$4)))*$L47<20,20,(1-ERF(R$10/SQRT(4*$F$4/($E$4*$C$4)*2*$D$4/$B$4)))*$L47) -> 69.784351 | S47: =IF((1-ERF(S$10/SQRT(4*$F$4/($E$4*$C$4)*2*$D$4/$B$4)))*$L47<20,20,(1-ERF(S$10/SQRT(4*$F$4/($E$4*$C$4)*2*$D$4/$B$4)))*$L47) -> 69.065578 | T47: =IF((1-ERF(T$10/SQRT(4*$F$4/($E$4*$C$4)*2*$D$4/$B$4)))*$L47<20,20,(1-ERF(T$10/SQRT(4*$F$4/($E$4*$C$4)*2*$D$4/$B$4)))*$L47) -> 68.347553 | ... BS47: =IF((1-ERF(BS$10/SQRT(4*$F$4/($E$4*$C$4)*2*$D$4/$B$4)))*$L47<20,20,(1-ERF(BS$10/SQRT(4*$F$4/($E$4*$C$4)*2*$D$4/$B$4)))*$L47) -> 20
B48: =B47+0.1 -> 1.399 | C48: =B48 -> 1.399 | E48: =($D$14*($B48+1))/2 -> 3.5674019 | F48: =($D$14*($B48-1))/2 -> 0.59332778 | I48: =(((C48+1)*EXP(E48))*(BESSELK(E48,0)+BESSELK(E48,1)))+(((1-C48)*EXP(F48))*(BESSELK(F48,0)+BESSELK(F48,1))) -> 1.7671766 | J48: =G48+H48+I48 -> 1.7671766 | K48: =J48/MAX($J$14:$J$57) -> 0.67110599 | L48: =IF($G$4>5,K48*$I$9,K48*$J$9)+20 -> 71.610621 | M48: =IF((1-ERF(M$10/SQRT(4*$F$4/($E$4*$C$4)*2*$D$4/$B$4)))*$L48<20,20,(1-ERF(M$10/SQRT(4*$F$4/($E$4*$C$4)*2*$D$4/$B$4)))*$L48) -> 70.913886 | N48: =IF((1-ERF(N$10/SQRT(4*$F$4/($E$4*$C$4)*2*$D$4/$B$4)))*$L48<20,20,(1-ERF(N$10/SQRT(4*$F$4/($E$4*$C$4)*2*$D$4/$B$4)))*$L48) -> 70.217254 | O48: =IF((1-ERF(O$10/SQRT(4*$F$4/($E$4*$C$4)*2*$D$4/$B$4)))*$L48<20,20,(1-ERF(O$10/SQRT(4*$F$4/($E$4*$C$4)*2*$D$4/$B$4)))*$L48) -> 69.52083 | P48: =IF((1-ERF(P$10/SQRT(4*$F$4/($E$4*$C$4)*2*$D$4/$B$4)))*$L48<20,20,(1-ERF(P$10/SQRT(4*$F$4/($E$4*$C$4)*2*$D$4/$B$4)))*$L48) -> 68.824716 | Q48: =IF((1-ERF(Q$10/SQRT(4*$F$4/($E$4*$C$4)*2*$D$4/$B$4)))*$L48<20,20,(1-ERF(Q$10/SQRT(4*$F$4/($E$4*$C$4)*2*$D$4/$B$4)))*$L48) -> 68.129017 | R48: =IF((1-ERF(R$10/SQRT(4*$F$4/($E$4*$C$4)*2*$D$4/$B$4)))*$L48<20,20,(1-ERF(R$10/SQRT(4*$F$4/($E$4*$C$4)*2*$D$4/$B$4)))*$L48) -> 67.433834 | S48: =IF((1-ERF(S$10/SQRT(4*$F$4/($E$4*$C$4)*2*$D$4/$B$4)))*$L48<20,20,(1-ERF(S$10/SQRT(4*$F$4/($E$4*$C$4)*2*$D$4/$B$4)))*$L48) -> 66.739271 | T48: =IF((1-ERF(T$10/SQRT(4*$F$4/($E$4*$C$4)*2*$D$4/$B$4)))*$L48<20,20,(1-ERF(T$10/SQRT(4*$F$4/($E$4*$C$4)*2*$D$4/$B$4)))*$L48) -> 66.045431 | ... BS48: =IF((1-ERF(BS$10/SQRT(4*$F$4/($E$4*$C$4)*2*$D$4/$B$4)))*$L48<20,20,(1-ERF(BS$10/SQRT(4*$F$4/($E$4*$C$4)*2*$D$4/$B$4)))*$L48) -> 20
B49: =B48+0.1 -> 1.499 | C49: =B49 -> 1.499 | E49: =($D$14*($B49+1))/2 -> 3.7161056 | F49: =($D$14*($B49-1))/2 -> 0.74203148 | I49: =(((C49+1)*EXP(E49))*(BESSELK(E49,0)+BESSELK(E49,1)))+(((1-C49)*EXP(F49))*(BESSELK(F49,0)+BESSELK(F49,1))) -> 1.6951004 | J49: =G49+H49+I49 -> 1.6951004 | K49: =J49/MAX($J$14:$J$57) -> 0.64373423 | L49: =IF($G$4>5,K49*$I$9,K49*$J$9)+20 -> 69.505627 | M49: =IF((1-ERF(M$10/SQRT(4*$F$4/($E$4*$C$4)*2*$D$4/$B$4)))*$L49<20,20,(1-ERF(M$10/SQRT(4*$F$4/($E$4*$C$4)*2*$D$4/$B$4)))*$L49) -> 68.829372 | N49: =IF((1-ERF(N$10/SQRT(4*$F$4/($E$4*$C$4)*2*$D$4/$B$4)))*$L49<20,20,(1-ERF(N$10/SQRT(4*$F$4/($E$4*$C$4)*2*$D$4/$B$4)))*$L49) -> 68.153219 | O49: =IF((1-ERF(O$10/SQRT(4*$F$4/($E$4*$C$4)*2*$D$4/$B$4)))*$L49<20,20,(1-ERF(O$10/SQRT(4*$F$4/($E$4*$C$4)*2*$D$4/$B$4)))*$L49) -> 67.477266 | P49: =IF((1-ERF(P$10/SQRT(4*$F$4/($E$4*$C$4)*2*$D$4/$B$4)))*$L49<20,20,(1-ERF(P$10/SQRT(4*$F$4/($E$4*$C$4)*2*$D$4/$B$4)))*$L49) -> 66.801614 | Q49: =IF((1-ERF(Q$10/SQRT(4*$F$4/($E$4*$C$4)*2*$D$4/$B$4)))*$L49<20,20,(1-ERF(Q$10/SQRT(4*$F$4/($E$4*$C$4)*2*$D$4/$B$4)))*$L49) -> 66.126365 | R49: =IF((1-ERF(R$10/SQRT(4*$F$4/($E$4*$C$4)*2*$D$4/$B$4)))*$L49<20,20,(1-ERF(R$10/SQRT(4*$F$4/($E$4*$C$4)*2*$D$4/$B$4)))*$L49) -> 65.451617 | S49: =IF((1-ERF(S$10/SQRT(4*$F$4/($E$4*$C$4)*2*$D$4/$B$4)))*$L49<20,20,(1-ERF(S$10/SQRT(4*$F$4/($E$4*$C$4)*2*$D$4/$B$4)))*$L49) -> 64.777471 | T49: =IF((1-ERF(T$10/SQRT(4*$F$4/($E$4*$C$4)*2*$D$4/$B$4)))*$L49<20,20,(1-ERF(T$10/SQRT(4*$F$4/($E$4*$C$4)*2*$D$4/$B$4)))*$L49) -> 64.104026 | ... BS49: =IF((1-ERF(BS$10/SQRT(4*$F$4/($E$4*$C$4)*2*$D$4/$B$4)))*$L49<20,20,(1-ERF(BS$10/SQRT(4*$F$4/($E$4*$C$4)*2*$D$4/$B$4)))*$L49) -> 20
B50: =B49+0.1 -> 1.599 | C50: =B50 -> 1.599 | E50: =($D$14*($B50+1))/2 -> 3.8648093 | F50: =($D$14*($B50-1))/2 -> 0.89073519 | I50: =(((C50+1)*EXP(E50))*(BESSELK(E50,0)+BESSELK(E50,1)))+(((1-C50)*EXP(F50))*(BESSELK(F50,0)+BESSELK(F50,1))) -> 1.6327577 | J50: =G50+H50+I50 -> 1.6327577 | K50: =J50/MAX($J$14:$J$57) -> 0.62005886 | L50: =IF($G$4>5,K50*$I$9,K50*$J$9)+20 -> 67.684901 | M50: =IF((1-ERF(M$10/SQRT(4*$F$4/($E$4*$C$4)*2*$D$4/$B$4)))*$L50<20,20,(1-ERF(M$10/SQRT(4*$F$4/($E$4*$C$4)*2*$D$4/$B$4)))*$L50) -> 67.026361 | N50: =IF((1-ERF(N$10/SQRT(4*$F$4/($E$4*$C$4)*2*$D$4/$B$4)))*$L50<20,20,(1-ERF(N$10/SQRT(4*$F$4/($E$4*$C$4)*2*$D$4/$B$4)))*$L50) -> 66.367919 | O50: =IF((1-ERF(O$10/SQRT(4*$F$4/($E$4*$C$4)*2*$D$4/$B$4)))*$L50<20,20,(1-ERF(O$10/SQRT(4*$F$4/($E$4*$C$4)*2*$D$4/$B$4)))*$L50) -> 65.709673 | P50: =IF((1-ERF(P$10/SQRT(4*$F$4/($E$4*$C$4)*2*$D$4/$B$4)))*$L50<20,20,(1-ERF(P$10/SQRT(4*$F$4/($E$4*$C$4)*2*$D$4/$B$4)))*$L50) -> 65.05172 | Q50: =IF((1-ERF(Q$10/SQRT(4*$F$4/($E$4*$C$4)*2*$D$4/$B$4)))*$L50<20,20,(1-ERF(Q$10/SQRT(4*$F$4/($E$4*$C$4)*2*$D$4/$B$4)))*$L50) -> 64.394159 | R50: =IF((1-ERF(R$10/SQRT(4*$F$4/($E$4*$C$4)*2*$D$4/$B$4)))*$L50<20,20,(1-ERF(R$10/SQRT(4*$F$4/($E$4*$C$4)*2*$D$4/$B$4)))*$L50) -> 63.737087 | S50: =IF((1-ERF(S$10/SQRT(4*$F$4/($E$4*$C$4)*2*$D$4/$B$4)))*$L50<20,20,(1-ERF(S$10/SQRT(4*$F$4/($E$4*$C$4)*2*$D$4/$B$4)))*$L50) -> 63.0806 | T50: =IF((1-ERF(T$10/SQRT(4*$F$4/($E$4*$C$4)*2*$D$4/$B$4)))*$L50<20,20,(1-ERF(T$10/SQRT(4*$F$4/($E$4*$C$4)*2*$D$4/$B$4)))*$L50) -> 62.424797 | ... BS50: =IF((1-ERF(BS$10/SQRT(4*$F$4/($E$4*$C$4)*2*$D$4/$B$4)))*$L50<20,20,(1-ERF(BS$10/SQRT(4*$F$4/($E$4*$C$4)*2*$D$4/$B$4)))*$L50) -> 20
B51: =B50+0.1 -> 1.699 | C51: =B51 -> 1.699 | E51: =($D$14*($B51+1))/2 -> 4.013513 | F51: =($D$14*($B51-1))/2 -> 1.0394389 | I51: =(((C51+1)*EXP(E51))*(BESSELK(E51,0)+BESSELK(E51,1)))+(((1-C51)*EXP(F51))*(BESSELK(F51,0)+BESSELK(F51,1))) -> 1.5778654 | J51: =G51+H51+I51 -> 1.5778654 | K51: =J51/MAX($J$14:$J$57) -> 0.59921286 | L51: =IF($G$4>5,K51*$I$9,K51*$J$9)+20 -> 66.081763 | M51: =IF((1-ERF(M$10/SQRT(4*$F$4/($E$4*$C$4)*2*$D$4/$B$4)))*$L51<20,20,(1-ERF(M$10/SQRT(4*$F$4/($E$4*$C$4)*2*$D$4/$B$4)))*$L51) -> 65.438821 | N51: =IF((1-ERF(N$10/SQRT(4*$F$4/($E$4*$C$4)*2*$D$4/$B$4)))*$L51<20,20,(1-ERF(N$10/SQRT(4*$F$4/($E$4*$C$4)*2*$D$4/$B$4)))*$L51) -> 64.795975 | O51: =IF((1-ERF(O$10/SQRT(4*$F$4/($E$4*$C$4)*2*$D$4/$B$4)))*$L51<20,20,(1-ERF(O$10/SQRT(4*$F$4/($E$4*$C$4)*2*$D$4/$B$4)))*$L51) -> 64.15332 | P51: =IF((1-ERF(P$10/SQRT(4*$F$4/($E$4*$C$4)*2*$D$4/$B$4)))*$L51<20,20,(1-ERF(P$10/SQRT(4*$F$4/($E$4*$C$4)*2*$D$4/$B$4)))*$L51) -> 63.510951 | Q51: =IF((1-ERF(Q$10/SQRT(4*$F$4/($E$4*$C$4)*2*$D$4/$B$4)))*$L51<20,20,(1-ERF(Q$10/SQRT(4*$F$4/($E$4*$C$4)*2*$D$4/$B$4)))*$L51) -> 62.868964 | R51: =IF((1-ERF(R$10/SQRT(4*$F$4/($E$4*$C$4)*2*$D$4/$B$4)))*$L51<20,20,(1-ERF(R$10/SQRT(4*$F$4/($E$4*$C$4)*2*$D$4/$B$4)))*$L51) -> 62.227455 | S51: =IF((1-ERF(S$10/SQRT(4*$F$4/($E$4*$C$4)*2*$D$4/$B$4)))*$L51<20,20,(1-ERF(S$10/SQRT(4*$F$4/($E$4*$C$4)*2*$D$4/$B$4)))*$L51) -> 61.586517 | T51: =IF((1-ERF(T$10/SQRT(4*$F$4/($E$4*$C$4)*2*$D$4/$B$4)))*$L51<20,20,(1-ERF(T$10/SQRT(4*$F$4/($E$4*$C$4)*2*$D$4/$B$4)))*$L51) -> 60.946247 | ... BS51: =IF((1-ERF(BS$10/SQRT(4*$F$4/($E$4*$C$4)*2*$D$4/$B$4)))*$L51<20,20,(1-ERF(BS$10/SQRT(4*$F$4/($E$4*$C$4)*2*$D$4/$B$4)))*$L51) -> 20
B52: =B51+0.1 -> 1.799 | C52: =B52 -> 1.799 | E52: =($D$14*($B52+1))/2 -> 4.1622167 | F52: =($D$14*($B52-1))/2 -> 1.1881426 | I52: =(((C52+1)*EXP(E52))*(BESSELK(E52,0)+BESSELK(E52,1)))+(((1-C52)*EXP(F52))*(BESSELK(F52,0)+BESSELK(F52,1))) -> 1.5288842 | J52: =G52+H52+I52 -> 1.5288842 | K52: =J52/MAX($J$14:$J$57) -> 0.58061168 | L52: =IF($G$4>5,K52*$I$9,K52*$J$9)+20 -> 64.651261 | M52: =IF((1-ERF(M$10/SQRT(4*$F$4/($E$4*$C$4)*2*$D$4/$B$4)))*$L52<20,20,(1-ERF(M$10/SQRT(4*$F$4/($E$4*$C$4)*2*$D$4/$B$4)))*$L52) -> 64.022237 | N52: =IF((1-ERF(N$10/SQRT(4*$F$4/($E$4*$C$4)*2*$D$4/$B$4)))*$L52<20,20,(1-ERF(N$10/SQRT(4*$F$4/($E$4*$C$4)*2*$D$4/$B$4)))*$L52) -> 63.393307 | O52: =IF((1-ERF(O$10/SQRT(4*$F$4/($E$4*$C$4)*2*$D$4/$B$4)))*$L52<20,20,(1-ERF(O$10/SQRT(4*$F$4/($E$4*$C$4)*2*$D$4/$B$4)))*$L52) -> 62.764563 | P52: =IF((1-ERF(P$10/SQRT(4*$F$4/($E$4*$C$4)*2*$D$4/$B$4)))*$L52<20,20,(1-ERF(P$10/SQRT(4*$F$4/($E$4*$C$4)*2*$D$4/$B$4)))*$L52) -> 62.1361 | Q52: =IF((1-ERF(Q$10/SQRT(4*$F$4/($E$4*$C$4)*2*$D$4/$B$4)))*$L52<20,20,(1-ERF(Q$10/SQRT(4*$F$4/($E$4*$C$4)*2*$D$4/$B$4)))*$L52) -> 61.508011 | R52: =IF((1-ERF(R$10/SQRT(4*$F$4/($E$4*$C$4)*2*$D$4/$B$4)))*$L52<20,20,(1-ERF(R$10/SQRT(4*$F$4/($E$4*$C$4)*2*$D$4/$B$4)))*$L52) -> 60.880389 | S52: =IF((1-ERF(S$10/SQRT(4*$F$4/($E$4*$C$4)*2*$D$4/$B$4)))*$L52<20,20,(1-ERF(S$10/SQRT(4*$F$4/($E$4*$C$4)*2*$D$4/$B$4)))*$L52) -> 60.253326 | T52: =IF((1-ERF(T$10/SQRT(4*$F$4/($E$4*$C$4)*2*$D$4/$B$4)))*$L52<20,20,(1-ERF(T$10/SQRT(4*$F$4/($E$4*$C$4)*2*$D$4/$B$4)))*$L52) -> 59.626915 | ... BS52: =IF((1-ERF(BS$10/SQRT(4*$F$4/($E$4*$C$4)*2*$D$4/$B$4)))*$L52<20,20,(1-ERF(BS$10/SQRT(4*$F$4/($E$4*$C$4)*2*$D$4/$B$4)))*$L52) -> 20
B53: =B52+0.1 -> 1.899 | C53: =B53 -> 1.899 | E53: =($D$14*($B53+1))/2 -> 4.3109204 | F53: =($D$14*($B53-1))/2 -> 1.3368463 | I53: =(((C53+1)*EXP(E53))*(BESSELK(E53,0)+BESSELK(E53,1)))+(((1-C53)*EXP(F53))*(BESSELK(F53,0)+BESSELK(F53,1))) -> 1.4847188 | J53: =G53+H53+I53 -> 1.4847188 | K53: =J53/MAX($J$14:$J$57) -> 0.56383935 | L53: =IF($G$4>5,K53*$I$9,K53*$J$9)+20 -> 63.361405 | M53: =IF((1-ERF(M$10/SQRT(4*$F$4/($E$4*$C$4)*2*$D$4/$B$4)))*$L53<20,20,(1-ERF(M$10/SQRT(4*$F$4/($E$4*$C$4)*2*$D$4/$B$4)))*$L53) -> 62.744931 | N53: =IF((1-ERF(N$10/SQRT(4*$F$4/($E$4*$C$4)*2*$D$4/$B$4)))*$L53<20,20,(1-ERF(N$10/SQRT(4*$F$4/($E$4*$C$4)*2*$D$4/$B$4)))*$L53) -> 62.128548 | O53: =IF((1-ERF(O$10/SQRT(4*$F$4/($E$4*$C$4)*2*$D$4/$B$4)))*$L53<20,20,(1-ERF(O$10/SQRT(4*$F$4/($E$4*$C$4)*2*$D$4/$B$4)))*$L53) -> 61.512349 | P53: =IF((1-ERF(P$10/SQRT(4*$F$4/($E$4*$C$4)*2*$D$4/$B$4)))*$L53<20,20,(1-ERF(P$10/SQRT(4*$F$4/($E$4*$C$4)*2*$D$4/$B$4)))*$L53) -> 60.896424 | Q53: =IF((1-ERF(Q$10/SQRT(4*$F$4/($E$4*$C$4)*2*$D$4/$B$4)))*$L53<20,20,(1-ERF(Q$10/SQRT(4*$F$4/($E$4*$C$4)*2*$D$4/$B$4)))*$L53) -> 60.280866 | R53: =IF((1-ERF(R$10/SQRT(4*$F$4/($E$4*$C$4)*2*$D$4/$B$4)))*$L53<20,20,(1-ERF(R$10/SQRT(4*$F$4/($E$4*$C$4)*2*$D$4/$B$4)))*$L53) -> 59.665765 | S53: =IF((1-ERF(S$10/SQRT(4*$F$4/($E$4*$C$4)*2*$D$4/$B$4)))*$L53<20,20,(1-ERF(S$10/SQRT(4*$F$4/($E$4*$C$4)*2*$D$4/$B$4)))*$L53) -> 59.051213 | T53: =IF((1-ERF(T$10/SQRT(4*$F$4/($E$4*$C$4)*2*$D$4/$B$4)))*$L53<20,20,(1-ERF(T$10/SQRT(4*$F$4/($E$4*$C$4)*2*$D$4/$B$4)))*$L53) -> 58.4373 | ... BS53: =IF((1-ERF(BS$10/SQRT(4*$F$4/($E$4*$C$4)*2*$D$4/$B$4)))*$L53<20,20,(1-ERF(BS$10/SQRT(4*$F$4/($E$4*$C$4)*2*$D$4/$B$4)))*$L53) -> 20
B54: =B53+0.1 -> 1.999 | C54: =B54 -> 1.999 | E54: =($D$14*($B54+1))/2 -> 4.4596241 | F54: =($D$14*($B54-1))/2 -> 1.48555 | I54: =(((C54+1)*EXP(E54))*(BESSELK(E54,0)+BESSELK(E54,1)))+(((1-C54)*EXP(F54))*(BESSELK(F54,0)+BESSELK(F54,1))) -> 1.444558 | J54: =G54+H54+I54 -> 1.444558 | K54: =J54/MAX($J$14:$J$57) -> 0.54858783 | L54: =IF($G$4>5,K54*$I$9,K54*$J$9)+20 -> 62.188504 | M54: =IF((1-ERF(M$10/SQRT(4*$F$4/($E$4*$C$4)*2*$D$4/$B$4)))*$L54<20,20,(1-ERF(M$10/SQRT(4*$F$4/($E$4*$C$4)*2*$D$4/$B$4)))*$L54) -> 61.583442 | N54: =IF((1-ERF(N$10/SQRT(4*$F$4/($E$4*$C$4)*2*$D$4/$B$4)))*$L54<20,20,(1-ERF(N$10/SQRT(4*$F$4/($E$4*$C$4)*2*$D$4/$B$4)))*$L54) -> 60.978469 | O54: =IF((1-ERF(O$10/SQRT(4*$F$4/($E$4*$C$4)*2*$D$4/$B$4)))*$L54<20,20,(1-ERF(O$10/SQRT(4*$F$4/($E$4*$C$4)*2*$D$4/$B$4)))*$L54) -> 60.373677 | P54: =IF((1-ERF(P$10/SQRT(4*$F$4/($E$4*$C$4)*2*$D$4/$B$4)))*$L54<20,20,(1-ERF(P$10/SQRT(4*$F$4/($E$4*$C$4)*2*$D$4/$B$4)))*$L54) -> 59.769154 | Q54: =IF((1-ERF(Q$10/SQRT(4*$F$4/($E$4*$C$4)*2*$D$4/$B$4)))*$L54<20,20,(1-ERF(Q$10/SQRT(4*$F$4/($E$4*$C$4)*2*$D$4/$B$4)))*$L54) -> 59.16499 | R54: =IF((1-ERF(R$10/SQRT(4*$F$4/($E$4*$C$4)*2*$D$4/$B$4)))*$L54<20,20,(1-ERF(R$10/SQRT(4*$F$4/($E$4*$C$4)*2*$D$4/$B$4)))*$L54) -> 58.561276 | S54: =IF((1-ERF(S$10/SQRT(4*$F$4/($E$4*$C$4)*2*$D$4/$B$4)))*$L54<20,20,(1-ERF(S$10/SQRT(4*$F$4/($E$4*$C$4)*2*$D$4/$B$4)))*$L54) -> 57.958099 | T54: =IF((1-ERF(T$10/SQRT(4*$F$4/($E$4*$C$4)*2*$D$4/$B$4)))*$L54<20,20,(1-ERF(T$10/SQRT(4*$F$4/($E$4*$C$4)*2*$D$4/$B$4)))*$L54) -> 57.355551 | ... BS54: =IF((1-ERF(BS$10/SQRT(4*$F$4/($E$4*$C$4)*2*$D$4/$B$4)))*$L54<20,20,(1-ERF(BS$10/SQRT(4*$F$4/($E$4*$C$4)*2*$D$4/$B$4)))*$L54) -> 20
B55: =B54+1 -> 2.999 | C55: =B55 -> 2.999 | E55: =($D$14*($B55+1))/2 -> 5.9466611 | F55: =($D$14*($B55-1))/2 -> 2.972587 | I55: =(((C55+1)*EXP(E55))*(BESSELK(E55,0)+BESSELK(E55,1)))+(((1-C55)*EXP(F55))*(BESSELK(F55,0)+BESSELK(F55,1))) -> 1.1725339 | J55: =G55+H55+I55 -> 1.1725339 | K55: =J55/MAX($J$14:$J$57) -> 0.44528348 | L55: =IF($G$4>5,K55*$I$9,K55*$J$9)+20 -> 54.244005 | M55: =IF((1-ERF(M$10/SQRT(4*$F$4/($E$4*$C$4)*2*$D$4/$B$4)))*$L55<20,20,(1-ERF(M$10/SQRT(4*$F$4/($E$4*$C$4)*2*$D$4/$B$4)))*$L55) -> 53.716238 | N55: =IF((1-ERF(N$10/SQRT(4*$F$4/($E$4*$C$4)*2*$D$4/$B$4)))*$L55<20,20,(1-ERF(N$10/SQRT(4*$F$4/($E$4*$C$4)*2*$D$4/$B$4)))*$L55) -> 53.18855 | O55: =IF((1-ERF(O$10/SQRT(4*$F$4/($E$4*$C$4)*2*$D$4/$B$4)))*$L55<20,20,(1-ERF(O$10/SQRT(4*$F$4/($E$4*$C$4)*2*$D$4/$B$4)))*$L55) -> 52.661019 | P55: =IF((1-ERF(P$10/SQRT(4*$F$4/($E$4*$C$4)*2*$D$4/$B$4)))*$L55<20,20,(1-ERF(P$10/SQRT(4*$F$4/($E$4*$C$4)*2*$D$4/$B$4)))*$L55) -> 52.133723 | Q55: =IF((1-ERF(Q$10/SQRT(4*$F$4/($E$4*$C$4)*2*$D$4/$B$4)))*$L55<20,20,(1-ERF(Q$10/SQRT(4*$F$4/($E$4*$C$4)*2*$D$4/$B$4)))*$L55) -> 51.606741 | R55: =IF((1-ERF(R$10/SQRT(4*$F$4/($E$4*$C$4)*2*$D$4/$B$4)))*$L55<20,20,(1-ERF(R$10/SQRT(4*$F$4/($E$4*$C$4)*2*$D$4/$B$4)))*$L55) -> 51.08015 | S55: =IF((1-ERF(S$10/SQRT(4*$F$4/($E$4*$C$4)*2*$D$4/$B$4)))*$L55<20,20,(1-ERF(S$10/SQRT(4*$F$4/($E$4*$C$4)*2*$D$4/$B$4)))*$L55) -> 50.554029 | T55: =IF((1-ERF(T$10/SQRT(4*$F$4/($E$4*$C$4)*2*$D$4/$B$4)))*$L55<20,20,(1-ERF(T$10/SQRT(4*$F$4/($E$4*$C$4)*2*$D$4/$B$4)))*$L55) -> 50.028455 | ... BS55: =IF((1-ERF(BS$10/SQRT(4*$F$4/($E$4*$C$4)*2*$D$4/$B$4)))*$L55<20,20,(1-ERF(BS$10/SQRT(4*$F$4/($E$4*$C$4)*2*$D$4/$B$4)))*$L55) -> 20
B56: =B55+1 -> 3.999 | C56: =B56 -> 3.999 | E56: =($D$14*($B56+1))/2 -> 7.4336981 | F56: =($D$14*($B56-1))/2 -> 4.4596241 | I56: =(((C56+1)*EXP(E56))*(BESSELK(E56,0)+BESSELK(E56,1)))+(((1-C56)*EXP(F56))*(BESSELK(F56,0)+BESSELK(F56,1))) -> 1.0155837 | J56: =G56+H56+I56 -> 1.0155837 | K56: =J56/MAX($J$14:$J$57) -> 0.38567982 | L56: =IF($G$4>5,K56*$I$9,K56*$J$9)+20 -> 49.660255 | M56: =IF((1-ERF(M$10/SQRT(4*$F$4/($E$4*$C$4)*2*$D$4/$B$4)))*$L56<20,20,(1-ERF(M$10/SQRT(4*$F$4/($E$4*$C$4)*2*$D$4/$B$4)))*$L56) -> 49.177086 | N56: =IF((1-ERF(N$10/SQRT(4*$F$4/($E$4*$C$4)*2*$D$4/$B$4)))*$L56<20,20,(1-ERF(N$10/SQRT(4*$F$4/($E$4*$C$4)*2*$D$4/$B$4)))*$L56) -> 48.693989 | O56: =IF((1-ERF(O$10/SQRT(4*$F$4/($E$4*$C$4)*2*$D$4/$B$4)))*$L56<20,20,(1-ERF(O$10/SQRT(4*$F$4/($E$4*$C$4)*2*$D$4/$B$4)))*$L56) -> 48.211035 | P56: =IF((1-ERF(P$10/SQRT(4*$F$4/($E$4*$C$4)*2*$D$4/$B$4)))*$L56<20,20,(1-ERF(P$10/SQRT(4*$F$4/($E$4*$C$4)*2*$D$4/$B$4)))*$L56) -> 47.728297 | Q56: =IF((1-ERF(Q$10/SQRT(4*$F$4/($E$4*$C$4)*2*$D$4/$B$4)))*$L56<20,20,(1-ERF(Q$10/SQRT(4*$F$4/($E$4*$C$4)*2*$D$4/$B$4)))*$L56) -> 47.245846 | R56: =IF((1-ERF(R$10/SQRT(4*$F$4/($E$4*$C$4)*2*$D$4/$B$4)))*$L56<20,20,(1-ERF(R$10/SQRT(4*$F$4/($E$4*$C$4)*2*$D$4/$B$4)))*$L56) -> 46.763753 | S56: =IF((1-ERF(S$10/SQRT(4*$F$4/($E$4*$C$4)*2*$D$4/$B$4)))*$L56<20,20,(1-ERF(S$10/SQRT(4*$F$4/($E$4*$C$4)*2*$D$4/$B$4)))*$L56) -> 46.282091 | T56: =IF((1-ERF(T$10/SQRT(4*$F$4/($E$4*$C$4)*2*$D$4/$B$4)))*$L56<20,20,(1-ERF(T$10/SQRT(4*$F$4/($E$4*$C$4)*2*$D$4/$B$4)))*$L56) -> 45.800929 | ... BS56: =IF((1-ERF(BS$10/SQRT(4*$F$4/($E$4*$C$4)*2*$D$4/$B$4)))*$L56<20,20,(1-ERF(BS$10/SQRT(4*$F$4/($E$4*$C$4)*2*$D$4/$B$4)))*$L56) -> 20
B57: =B56+1 -> 4.999 | C57: =B57 -> 4.999 | E57: =($D$14*($B57+1))/2 -> 8.9207352 | F57: =($D$14*($B57-1))/2 -> 5.9466611 | I57: =(((C57+1)*EXP(E57))*(BESSELK(E57,0)+BESSELK(E57,1)))+(((1-C57)*EXP(F57))*(BESSELK(F57,0)+BESSELK(F57,1))) -> 0.90927686 | J57: =G57+H57+I57 -> 0.90927686 | K57: =J57/MAX($J$14:$J$57) -> 0.34530854 | L57: =IF($G$4>5,K57*$I$9,K57*$J$9)+20 -> 46.555549
B58: 35 | C58: =B58 -> 35 | E58: =($D$14*($B58+1))/2 -> 53.533333 | F58: =($D$14*($B58-1))/2 -> 50.559259 | I58: =(((C58+1)*EXP(E58))*(BESSELK(E58,0)+BESSELK(E58,1)))+(((1-C58)*EXP(F58))*(BESSELK(F58,0)+BESSELK(F58,1))) -> 0.34666158 | J58: =G58+H58+I58 -> 0.34666158 | K58: =J58/MAX($J$14:$J$57) -> 0.13164879 | L58: =IF($G$4>5,K58*$I$9,K58*$J$9)+20 -> 30.124296 | M58: extreme 'tail of surface temperature', i.e. bulk temeprature surface expansion is happening against
B59: Material-specific Thermal Residual Stress Response
B61: T | C61: E [MPa] | D61: α | E61: σ(yield) [Mpa] | F61: v | G61: σ(equivalent) | H61: σ(RS-thermal) | I61: =MIN(I63:I1042) -> 73 | J61: Tc
B62: 20 | C62: 193000 | D62: =(3.474*10^-9*B62+1.643*10^-5) -> 1.649948e-05 | E62: =(2.243*10^-9*B62^4-5.194*10^-6*B62^3+4.193*10^-3*B62^2-1.452*B62+325) -> 297.59601 | F62: 0.29 | G62: =C62*D62*(B62-$B$62)/(1-F62) -> 0 | H62: =IF(G62>E62,G62-E62,0) -> 0 | I62: =IF(H62>0,B62) -> FALSE | K62: Residual Stress in MPa: | L62: =IF(L44>$I$61,5.5589*L44-482,0) -> 11.854325 | M62: =IF(M44>$I$61,5.5589*M44-482,0) -> 7.0493729 | N62: =IF(N44>$I$61,5.5589*N44-482,0) -> 2.2451353 | O62: =IF(O44>$I$61,5.5589*O44-482,0) -> -2.5576736 | P62: =IF(P44>$I$61,5.5589*P44-482,0) -> -7.3583405 | Q62: =IF(Q44>$I$61,5.5589*Q44-482,0) -> -12.156153 | R62: =IF(R44>$I$61,5.5589*R44-482,0) -> -16.950399 | S62: =IF(S44>$I$61,5.5589*S44-482,0) -> -21.74037 | ... BP62: =IF(BP44>$I$61,5.5589*BP44-482,0) -> 0 | BQ62: =IF(BQ44>$I$61,2.8788*BQ44-1365.2,0) -> 0 | BR62: =IF(BR44>$I$61,2.8788*BR44-1365.2,0) -> 0 | BS62: =IF(BS44>$I$61,2.8788*BS44-1365.2,0) -> 0
B63: 21 | C63: 193000 | D63: =(3.474*10^-9*B63+1.643*10^-5) -> 1.6502954e-05 | E63: =(2.243*10^-9*B63^4-5.194*10^-6*B63^3+4.193*10^-3*B63^2-1.452*B63+325) -> 296.30945 | F63: 0.29 | G63: =C63*D63*(B63-$B$62)/(1-F63) -> 4.4860143 | H63: =IF(G63>E63,G63-E63,0) -> 0 | I63: =IF(H63>0,B63) -> FALSE | L63: =$I$61 -> 73 | M63: =$I$61 -> 73 | N63: =$I$61 -> 73 | O63: =$I$61 -> 73 | P63: =$I$61 -> 73 | Q63: =$I$61 -> 73 | R63: =$I$61 -> 73 | S63: =$I$61 -> 73 | ... BS63: =$I$61 -> 73
B64: 22 | C64: 193000 | D64: =(3.474*10^-9*B64+1.643*10^-5) -> 1.6506428e-05 | E64: =(2.243*10^-9*B64^4-5.194*10^-6*B64^3+4.193*10^-3*B64^2-1.452*B64+325) -> 295.03063 | F64: 0.29 | G64: =C64*D64*(B64-$B$62)/(1-F64) -> 8.9739172 | H64: =IF(G64>E64,G64-E64,0) -> 0 | I64: =IF(H64>0,B64) -> FALSE
B65: 23 | C65: 193000 | D65: =(3.474*10^-9*B65+1.643*10^-5) -> 1.6509902e-05 | E65: =(2.243*10^-9*B65^4-5.194*10^-6*B65^3+4.193*10^-3*B65^2-1.452*B65+325) -> 293.75953 | F65: 0.29 | G65: =C65*D65*(B65-$B$62)/(1-F65) -> 13.463709 | H65: =IF(G65>E65,G65-E65,0) -> 0 | I65: =IF(H65>0,B65) -> FALSE
B66: 24 | C66: 193000 | D66: =(3.474*10^-9*B66+1.643*10^-5) -> 1.6513376e-05 | E66: =(2.243*10^-9*B66^4-5.194*10^-6*B66^3+4.193*10^-3*B66^2-1.452*B66+325) -> 292.49611 | F66: 0.29 | G66: =C66*D66*(B66-$B$62)/(1-F66) -> 17.955389 | H66: =IF(G66>E66,G66-E66,0) -> 0 | I66: =IF(H66>0,B66) -> FALSE
B67: 25 | C67: 193000 | D67: =(3.474*10^-9*B67+1.643*10^-5) -> 1.651685e-05 | E67: =(2.243*10^-9*B67^4-5.194*10^-6*B67^3+4.193*10^-3*B67^2-1.452*B67+325) -> 291.24034 | F67: 0.29 | G67: =C67*D67*(B67-$B$62)/(1-F67) -> 22.448958 | H67: =IF(G67>E67,G67-E67,0) -> 0 | I67: =IF(H67>0,B67) -> FALSE
B68: 26 | C68: 193000 | D68: =(3.474*10^-9*B68+1.643*10^-5) -> 1.6520324e-05 | E68: =(2.243*10^-9*B68^4-5.194*10^-6*B68^3+4.193*10^-3*B68^2-1.452*B68+325) -> 289.9922 | F68: 0.29 | G68: =C68*D68*(B68-$B$62)/(1-F68) -> 26.944416 | H68: =IF(G68>E68,G68-E68,0) -> 0 | I68: =IF(H68>0,B68) -> FALSE
B69: 27 | C69: 193000 | D69: =(3.474*10^-9*B69+1.643*10^-5) -> 1.6523798e-05 | E69: =(2.243*10^-9*B69^4-5.194*10^-6*B69^3+4.193*10^-3*B69^2-1.452*B69+325) -> 288.75166 | F69: 0.29 | G69: =C69*D69*(B69-$B$62)/(1-F69) -> 31.441762 | H69: =IF(G69>E69,G69-E69,0) -> 0 | I69: =IF(H69>0,B69) -> FALSE
B70: 28 | C70: 193000 | D70: =(3.474*10^-9*B70+1.643*10^-5) -> 1.6527272e-05 | E70: =(2.243*10^-9*B70^4-5.194*10^-6*B70^3+4.193*10^-3*B70^2-1.452*B70+325) -> 287.51867 | F70: 0.29 | G70: =C70*D70*(B70-$B$62)/(1-F70) -> 35.940997 | H70: =IF(G70>E70,G70-E70,0) -> 0 | I70: =IF(H70>0,B70) -> FALSE
B71: 29 | C71: 193000 | D71: =(3.474*10^-9*B71+1.643*10^-5) -> 1.6530746e-05 | E71: =(2.243*10^-9*B71^4-5.194*10^-6*B71^3+4.193*10^-3*B71^2-1.452*B71+325) -> 286.29322 | F71: 0.29 | G71: =C71*D71*(B71-$B$62)/(1-F71) -> 40.442121 | H71: =IF(G71>E71,G71-E71,0) -> 0 | I71: =IF(H71>0,B71) -> FALSE
B72: 30 | C72: 193000 | D72: =(3.474*10^-9*B72+1.643*10^-5) -> 1.653422e-05 | E72: =(2.243*10^-9*B72^4-5.194*10^-6*B72^3+4.193*10^-3*B72^2-1.452*B72+325) -> 285.07528 | F72: 0.29 | G72: =C72*D72*(B72-$B$62)/(1-F72) -> 44.945133 | H72: =IF(G72>E72,G72-E72,0) -> 0 | I72: =IF(H72>0,B72) -> FALSE
B73: 31 | C73: 193000 | D73: =(3.474*10^-9*B73+1.643*10^-5) -> 1.6537694e-05 | E73: =(2.243*10^-9*B73^4-5.194*10^-6*B73^3+4.193*10^-3*B73^2-1.452*B73+325) -> 283.86481 | F73: 0.29 | G73: =C73*D73*(B73-$B$62)/(1-F73) -> 49.450034 | H73: =IF(G73>E73,G73-E73,0) -> 0 | I73: =IF(H73>0,B73) -> FALSE
B74: 32 | C74: 193000 | D74: =(3.474*10^-9*B74+1.643*10^-5) -> 1.6541168e-05 | E74: =(2.243*10^-9*B74^4-5.194*10^-6*B74^3+4.193*10^-3*B74^2-1.452*B74+325) -> 282.66179 | F74: 0.29 | G74: =C74*D74*(B74-$B$62)/(1-F74) -> 53.956824 | H74: =IF(G74>E74,G74-E74,0) -> 0 | I74: =IF(H74>0,B74) -> FALSE
B75: 33 | C75: 193000 | D75: =(3.474*10^-9*B75+1.643*10^-5) -> 1.6544642e-05 | E75: =(2.243*10^-9*B75^4-5.194*10^-6*B75^3+4.193*10^-3*B75^2-1.452*B75+325) -> 281.46618 | F75: 0.29 | G75: =C75*D75*(B75-$B$62)/(1-F75) -> 58.465503 | H75: =IF(G75>E75,G75-E75,0) -> 0 | I75: =IF(H75>0,B75) -> FALSE
... B95: 53 | C95: 193000 | D95: =(3.474*10^-9*B95+1.643*10^-5) -> 1.6614122e-05 | E95: =(2.243*10^-9*B95^4-5.194*10^-6*B95^3+4.193*10^-3*B95^2-1.452*B95+325) -> 259.06657 | F95: 0.29 | G95: =C95*D95*(B95-$B$62)/(1-F95) -> 149.03569 | H95: =IF(G95>E95,G95-E95,0) -> 0 | I95: =IF(H95>0,B95) -> FALSE
B96: 54 | C96: 193000 | D96: =(3.474*10^-9*B96+1.643*10^-5) -> 1.6617596e-05 | E96: =(2.243*10^-9*B96^4-5.194*10^-6*B96^3+4.193*10^-3*B96^2-1.452*B96+325) -> 258.01999 | F96: 0.29 | G96: =C96*D96*(B96-$B$62)/(1-F96) -> 153.58404 | H96: =IF(G96>E96,G96-E96,0) -> 0 | I96: =IF(H96>0,B96) -> FALSE | J96: CTE
B97: 55 | C97: 193000 | D97: =(3.474*10^-9*B97+1.643*10^-5) -> 1.662107e-05 | E97: =(2.243*10^-9*B97^4-5.194*10^-6*B97^3+4.193*10^-3*B97^2-1.452*B97+325) -> 256.9802 | F97: 0.29 | G97: =C97*D97*(B97-$B$62)/(1-F97) -> 158.13426 | H97: =IF(G97>E97,G97-E97,0) -> 0 | I97: =IF(H97>0,B97) -> FALSE | J97: 100 | K97: 16.9 | L97: =K97*10^-6 -> 1.69e-05
B98: 56 | C98: 193000 | D98: =(3.474*10^-9*B98+1.643*10^-5) -> 1.6624544e-05 | E98: =(2.243*10^-9*B98^4-5.194*10^-6*B98^3+4.193*10^-3*B98^2-1.452*B98+325) -> 255.94716 | F98: 0.29 | G98: =C98*D98*(B98-$B$62)/(1-F98) -> 162.68638 | H98: =IF(G98>E98,G98-E98,0) -> 0 | I98: =IF(H98>0,B98) -> FALSE | J98: 315 | K98: 17.3 | L98: =K98*10^-6 -> 1.73e-05
B99: 57 | C99: 193000 | D99: =(3.474*10^-9*B99+1.643*10^-5) -> 1.6628018e-05 | E99: =(2.243*10^-9*B99^4-5.194*10^-6*B99^3+4.193*10^-3*B99^2-1.452*B99+325) -> 254.92084 | F99: 0.29 | G99: =C99*D99*(B99-$B$62)/(1-F99) -> 167.24039 | H99: =IF(G99>E99,G99-E99,0) -> 0 | I99: =IF(H99>0,B99) -> FALSE | J99: 538 | K99: 18.4 | L99: =K99*10^-6 -> 1.84e-05
B100: 58 | C100: 193000 | D100: =(3.474*10^-9*B100+1.643*10^-5) -> 1.6631492e-05 | E100: =(2.243*10^-9*B100^4-5.194*10^-6*B100^3+4.193*10^-3*B100^2-1.452*B100+325) -> 253.90122 | F100: 0.29 | G100: =C100*D100*(B100-$B$62)/(1-F100) -> 171.79628 | H100: =IF(G100>E100,G100-E100,0) -> 0 | I100: =IF(H100>0,B100) -> FALSE | J100: 649 | K100: 18.7 | L100: =K100*10^-6 -> 1.87e-05
B101: 59 | C101: 193000 | D101: =(3.474*10^-9*B101+1.643*10^-5) -> 1.6634966e-05 | E101: =(2.243*10^-9*B101^4-5.194*10^-6*B101^3+4.193*10^-3*B101^2-1.452*B101+325) -> 252.88827 | F101: 0.29 | G101: =C101*D101*(B101-$B$62)/(1-F101) -> 176.35407 | H101: =IF(G101>E101,G101-E101,0) -> 0 | I101: =IF(H101>0,B101) -> FALSE
B102: 60 | C102: 193000 | D102: =(3.474*10^-9*B102+1.643*10^-5) -> 1.663844e-05 | E102: =(2.243*10^-9*B102^4-5.194*10^-6*B102^3+4.193*10^-3*B102^2-1.452*B102+325) -> 251.88197 | F102: 0.29 | G102: =C102*D102*(B102-$B$62)/(1-F102) -> 180.91374 | H102: =IF(G102>E102,G102-E102,0) -> 0 | I102: =IF(H102>0,B102) -> FALSE
B103: 61 | C103: 193000 | D103: =(3.474*10^-9*B103+1.643*10^-5) -> 1.6641914e-05 | E103: =(2.243*10^-9*B103^4-5.194*10^-6*B103^3+4.193*10^-3*B103^2-1.452*B103+325) -> 250.88227 | F103: 0.29 | G103: =C103*D103*(B103-$B$62)/(1-F103) -> 185.4753 | H103: =IF(G103>E103,G103-E103,0) -> 0 | I103: =IF(H103>0,B103) -> FALSE
B104: 62 | C104: 193000 | D104: =(3.474*10^-9*B104+1.643*10^-5) -> 1.6645388e-05 | E104: =(2.243*10^-9*B104^4-5.194*10^-6*B104^3+4.193*10^-3*B104^2-1.452*B104+325) -> 249.88916 | F104: 0.29 | G104: =C104*D104*(B104-$B$62)/(1-F104) -> 190.03875 | H104: =IF(G104>E104,G104-E104,0) -> 0 | I104: =IF(H104>0,B104) -> FALSE
B105: 63 | C105: 193000 | D105: =(3.474*10^-9*B105+1.643*10^-5) -> 1.6648862e-05 | E105: =(2.243*10^-9*B105^4-5.194*10^-6*B105^3+4.193*10^-3*B105^2-1.452*B105+325) -> 248.90261 | F105: 0.29 | G105: =C105*D105*(B105-$B$62)/(1-F105) -> 194.60409 | H105: =IF(G105>E105,G105-E105,0) -> 0 | I105: =IF(H105>0,B105) -> FALSE
B106: 64 | C106: 193000 | D106: =(3.474*10^-9*B106+1.643*10^-5) -> 1.6652336e-05 | E106: =(2.243*10^-9*B106^4-5.194*10^-6*B106^3+4.193*10^-3*B106^2-1.452*B106+325) -> 247.92258 | F106: 0.29 | G106: =C106*D106*(B106-$B$62)/(1-F106) -> 199.17132 | H106: =IF(G106>E106,G106-E106,0) -> 0 | I106: =IF(H106>0,B106) -> FALSE
B107: 65 | C107: 193000 | D107: =(3.474*10^-9*B107+1.643*10^-5) -> 1.665581e-05 | E107: =(2.243*10^-9*B107^4-5.194*10^-6*B107^3+4.193*10^-3*B107^2-1.452*B107+325) -> 246.94906 | F107: 0.29 | G107: =C107*D107*(B107-$B$62)/(1-F107) -> 203.74044 | H107: =IF(G107>E107,G107-E107,0) -> 0 | I107: =IF(H107>0,B107) -> FALSE
B108: 66 | C108: 193000 | D108: =(3.474*10^-9*B108+1.643*10^-5) -> 1.6659284e-05 | E108: =(2.243*10^-9*B108^4-5.194*10^-6*B108^3+4.193*10^-3*B108^2-1.452*B108+325) -> 245.98201 | F108: 0.29 | G108: =C108*D108*(B108-$B$62)/(1-F108) -> 208.31144 | H108: =IF(G108>E108,G108-E108,0) -> 0 | I108: =IF(H108>0,B108) -> FALSE
B109: 67 | C109: 193000 | D109: =(3.474*10^-9*B109+1.643*10^-5) -> 1.6662758e-05 | E109: =(2.243*10^-9*B109^4-5.194*10^-6*B109^3+4.193*10^-3*B109^2-1.452*B109+325) -> 245.02141 | F109: 0.29 | G109: =C109*D109*(B109-$B$62)/(1-F109) -> 212.88433 | H109: =IF(G109>E109,G109-E109,0) -> 0 | I109: =IF(H109>0,B109) -> FALSE
B110: 68 | C110: 193000 | D110: =(3.474*10^-9*B110+1.643*10^-5) -> 1.6666232e-05 | E110: =(2.243*10^-9*B110^4-5.194*10^-6*B110^3+4.193*10^-3*B110^2-1.452*B110+325) -> 244.06723 | F110: 0.29 | G110: =C110*D110*(B110-$B$62)/(1-F110) -> 217.45912 | H110: =IF(G110>E110,G110-E110,0) -> 0 | I110: =IF(H110>0,B110) -> FALSE
B111: 69 | C111: 193000 | D111: =(3.474*10^-9*B111+1.643*10^-5) -> 1.6669706e-05 | E111: =(2.243*10^-9*B111^4-5.194*10^-6*B111^3+4.193*10^-3*B111^2-1.452*B111+325) -> 243.11944 | F111: 0.29 | G111: =C111*D111*(B111-$B$62)/(1-F111) -> 222.03579 | H111: =IF(G111>E111,G111-E111,0) -> 0 | I111: =IF(H111>0,B111) -> FALSE
B112: 70 | C112: 193000 | D112: =(3.474*10^-9*B112+1.643*10^-5) -> 1.667318e-05 | E112: =(2.243*10^-9*B112^4-5.194*10^-6*B112^3+4.193*10^-3*B112^2-1.452*B112+325) -> 242.17801 | F112: 0.29 | G112: =C112*D112*(B112-$B$62)/(1-F112) -> 226.61435 | H112: =IF(G112>E112,G112-E112,0) -> 0 | I112: =IF(H112>0,B112) -> FALSE
... B1042: 1000 | C1042: 193000 | D1042: =(3.474*10^-9*B1042+1.643*10^-5) -> 1.9904e-05 | E1042: =(2.243*10^-9*B1042^4-5.194*10^-6*B1042^3+4.193*10^-3*B1042^2-1.452*B1042+325) -> 115 | F1042: 0.29 | G1042: =C1042*D1042*(B1042-$B$62)/(1-F1042) -> 5302.3135 | H1042: =IF(G1042>E1042,G1042-E1042,0) -> 5187.3135 | I1042: =IF(H1042>0,B1042) -> 1000

Sheet AA60601
K1: 1
B2: FINDING PECLET NUMBER | C2: kg/m3 | D2: m | E2: J/kgK | F2: W/mK | K2: 1
B3: Cutting Speed, v | C3: Density, rho | D3: Half-width, b | E3: Specific Heat, c | F3: Thermal Conductivity, k | G3: Peclet Number, Pe | H3: Temperature, T | I3: Tool Width
B4: 4 | C4: 2700 | D4: =200*(10^-6) -> 0.0002 | E4: 896 | F4: 167 | G4: =(B4*C4*D4*E4)/(2*F4) -> 5.794491 | H4: 20 | I4: =5*10^-3 -> 0.005
B5: =B4*60 -> 240 | C5: m/min
B6: =B5*3.2 -> 768 | C6: sfm
B7: FINDING FLASH TEMPERATURE
B8: Cutting Force, F | C8: Density, rho | D8: Half-width, b | E8: Specific Heat, c | F8: Thermal Conductivity, k | G8: Peclet Number, Pe | H8: C4 | I8: Flash Temp (Pe>5) | J8: Flash Temp (Pe<5)
B9: =30*3 -> 90 | C9: =C4 -> 2700 | D9: =D4 -> 0.0002 | E9: =E4 -> 896 | F9: =F4 -> 167 | G9: =G4 -> 5.794491 | H9: =(0.00527*(G4^3))-(0.192*(G4^2))+2.39*G4 -> 8.4275304 | I9: =(0.399)*((2*B9*B4)/(F9*I4))*(SQRT((F9)/(C9*E9*B4*D9))) -> 101.06395 | J9: =(0.159*H9)*((2*B9)/(C9*E9*D9*I4)) -> 99.700694
H10: T vs Tcritical | I10: =(I9+20)/I61 -> 1.0259657 | L10: z [m] | M10: =M11*$D$4 -> 2e-06 | N10: =N11*$D$4 -> 4e-06 | O10: =O11*$D$4 -> 6e-06 | P10: =P11*$D$4 -> 8e-06 | Q10: =Q11*$D$4 -> 1e-05 | R10: =R11*$D$4 -> 1.2e-05 | S10: =S11*$D$4 -> 1.4e-05 | T10: =T11*$D$4 -> 1.6e-05 | ... BS10: =BS11*$D$4 -> 0.001
K11: z/b | L11: 0 | M11: 0.01 | N11: 0.02 | O11: 0.03 | P11: 0.04 | Q11: 0.05 | R11: 0.06 | S11: 0.07 | T11: 0.08 | U11: 0.09 | V11: 0.1 | W11: 0.11 | X11: 0.12 | Y11: 0.13 | Z11: 0.14 | AA11: 0.15 | AB11: 0.16 | AC11: 0.17 | AD11: 0.18 | AE11: 0.19 | AF11: 0.2 | AG11: 0.21 | AH11: 0.22 | AI11: 0.23 | AJ11: 0.24 | AK11: 0.25 | AL11: 0.26 | AM11: 0.27 | AN11: 0.28 | AO11: 0.29 | AP11: 0.3 | AQ11: 0.31 | AR11: 0.32 | AS11: 0.33 | AT11: 0.34 | AU11: 0.35 | AV11: 0.36 | AW11: 0.37 | AX11: 0.38 | AY11: 0.39 | AZ11: 0.4 | BA11: 0.41 | BB11: 0.42 | BC11: 0.43 | BD11: 0.44 | BE11: 0.45 | BF11: 0.46 | BG11: 0.47 | BH11: 0.48 | BI11: 0.49 | BJ11: 0.5 | BK11: 1 | BL11: 1.5 | BM11: 2 | BN11: 2.5 | BO11: 3 | BP11: 3.5 | BQ11: 4 | BR11: 4.5 | BS11: 5
B12: STEADY STATE TEMPERATURE
B13: x/b | D13: Peclet Number, Pe | E13: P+ | F13: P- | G13: Steady State Temp (x/b<-1) | H13: Steady State Temp (-1<x/b<1) | I13: Steady State Temp (1,x/b) | J13: summed temp profile | K13: normalized | L13: f(T)
B14: -2.001 | C14: =B14 -> -2.001 | D14: =G4 -> 5.794491 | E14: =($D$14*($B14+1))/2 -> -2.9001428 | F14: =($D$14*($B14-1))/2 -> -8.6946338 | G14: =((C14+1)*(EXP(E14))*(BESSELK(-E14,0)-BESSELK(-E14,1)))+((1-C14)*EXP(F14)*(BESSELK(-F14,0)-BESSELK(-F14,1))) -> 0.000345777 | J14: =G14+H14+I14 -> 0.000345777 | K14: =J14/MAX($J$14:$J$57) -> 0.0001765359 | L14: =IF($G$4>5,K14*$I$9,K14*$J$9)+20 -> 20.017841 | M14: =IF((1-ERF(M$10/SQRT(4*$F$4/($E$4*$C$4)*2*$D$4/$B$4)))*$L14<20,20,(1-ERF(M$10/SQRT(4*$F$4/($E$4*$C$4)*2*$D$4/$B$4)))*$L14) -> 20 | N14: =IF((1-ERF(N$10/SQRT(4*$F$4/($E$4*$C$4)*2*$D$4/$B$4)))*$L14<20,20,(1-ERF(N$10/SQRT(4*$F$4/($E$4*$C$4)*2*$D$4/$B$4)))*$L14) -> 20 | O14: =IF((1-ERF(O$10/SQRT(4*$F$4/($E$4*$C$4)*2*$D$4/$B$4)))*$L14<20,20,(1-ERF(O$10/SQRT(4*$F$4/($E$4*$C$4)*2*$D$4/$B$4)))*$L14) -> 20 | P14: =IF((1-ERF(P$10/SQRT(4*$F$4/($E$4*$C$4)*2*$D$4/$B$4)))*$L14<20,20,(1-ERF(P$10/SQRT(4*$F$4/($E$4*$C$4)*2*$D$4/$B$4)))*$L14) -> 20 | Q14: =IF((1-ERF(Q$10/SQRT(4*$F$4/($E$4*$C$4)*2*$D$4/$B$4)))*$L14<20,20,(1-ERF(Q$10/SQRT(4*$F$4/($E$4*$C$4)*2*$D$4/$B$4)))*$L14) -> 20 | R14: =IF((1-ERF(R$10/SQRT(4*$F$4/($E$4*$C$4)*2*$D$4/$B$4)))*$L14<20,20,(1-ERF(R$10/SQRT(4*$F$4/($E$4*$C$4)*2*$D$4/$B$4)))*$L14) -> 20 | S14: =IF((1-ERF(S$10/SQRT(4*$F$4/($E$4*$C$4)*2*$D$4/$B$4)))*$L14<20,20,(1-ERF(S$10/SQRT(4*$F$4/($E$4*$C$4)*2*$D$4/$B$4)))*$L14) -> 20 | T14: =IF((1-ERF(T$10/SQRT(4*$F$4/($E$4*$C$4)*2*$D$4/$B$4)))*$L14<20,20,(1-ERF(T$10/SQRT(4*$F$4/($E$4*$C$4)*2*$D$4/$B$4)))*$L14) -> 20 | ... BS14: =IF((1-ERF(BS$10/SQRT(4*$F$4/($E$4*$C$4)*2*$D$4/$B$4)))*$L14<20,20,(1-ERF(BS$10/SQRT(4*$F$4/($E$4*$C$4)*2*$D$4/$B$4)))*$L14) -> 20
B15: =B14+0.1 -> -1.901 | C15: =B15 -> -1.901 | E15: =($D$14*($B15+1))/2 -> -2.6104182 | F15: =($D$14*($B15-1))/2 -> -8.4049092 | G15: =((C15+1)*(EXP(E15))*(BESSELK(-E15,0)-BESSELK(-E15,1)))+((1-C15)*EXP(F15)*(BESSELK(-F15,0)-BESSELK(-F15,1))) -> 0.00064428553 | J15: =G15+H15+I15 -> 0.00064428553 | K15: =J15/MAX($J$14:$J$57) -> 0.00032893895 | L15: =IF($G$4>5,K15*$I$9,K15*$J$9)+20 -> 20.033244 | M15: =IF((1-ERF(M$10/SQRT(4*$F$4/($E$4*$C$4)*2*$D$4/$B$4)))*$L15<20,20,(1-ERF(M$10/SQRT(4*$F$4/($E$4*$C$4)*2*$D$4/$B$4)))*$L15) -> 20 | N15: =IF((1-ERF(N$10/SQRT(4*$F$4/($E$4*$C$4)*2*$D$4/$B$4)))*$L15<20,20,(1-ERF(N$10/SQRT(4*$F$4/($E$4*$C$4)*2*$D$4/$B$4)))*$L15) -> 20 | O15: =IF((1-ERF(O$10/SQRT(4*$F$4/($E$4*$C$4)*2*$D$4/$B$4)))*$L15<20,20,(1-ERF(O$10/SQRT(4*$F$4/($E$4*$C$4)*2*$D$4/$B$4)))*$L15) -> 20 | P15: =IF((1-ERF(P$10/SQRT(4*$F$4/($E$4*$C$4)*2*$D$4/$B$4)))*$L15<20,20,(1-ERF(P$10/SQRT(4*$F$4/($E$4*$C$4)*2*$D$4/$B$4)))*$L15) -> 20 | Q15: =IF((1-ERF(Q$10/SQRT(4*$F$4/($E$4*$C$4)*2*$D$4/$B$4)))*$L15<20,20,(1-ERF(Q$10/SQRT(4*$F$4/($E$4*$C$4)*2*$D$4/$B$4)))*$L15) -> 20 | R15: =IF((1-ERF(R$10/SQRT(4*$F$4/($E$4*$C$4)*2*$D$4/$B$4)))*$L15<20,20,(1-ERF(R$10/SQRT(4*$F$4/($E$4*$C$4)*2*$D$4/$B$4)))*$L15) -> 20 | S15: =IF((1-ERF(S$10/SQRT(4*$F$4/($E$4*$C$4)*2*$D$4/$B$4)))*$L15<20,20,(1-ERF(S$10/SQRT(4*$F$4/($E$4*$C$4)*2*$D$4/$B$4)))*$L15) -> 20 | T15: =IF((1-ERF(T$10/SQRT(4*$F$4/($E$4*$C$4)*2*$D$4/$B$4)))*$L15<20,20,(1-ERF(T$10/SQRT(4*$F$4/($E$4*$C$4)*2*$D$4/$B$4)))*$L15) -> 20 | ... BS15: =IF((1-ERF(BS$10/SQRT(4*$F$4/($E$4*$C$4)*2*$D$4/$B$4)))*$L15<20,20,(1-ERF(BS$10/SQRT(4*$F$4/($E$4*$C$4)*2*$D$4/$B$4)))*$L15) -> 20
B16: =B15+0.1 -> -1.801 | C16: =B16 -> -1.801 | E16: =($D$14*($B16+1))/2 -> -2.3206937 | F16: =($D$14*($B16-1))/2 -> -8.1151847 | G16: =((C16+1)*(EXP(E16))*(BESSELK(-E16,0)-BESSELK(-E16,1)))+((1-C16)*EXP(F16)*(BESSELK(-F16,0)-BESSELK(-F16,1))) -> 0.001205517 | J16: =G16+H16+I16 -> 0.001205517 | K16: =J16/MAX($J$14:$J$57) -> 0.00061547478 | L16: =IF($G$4>5,K16*$I$9,K16*$J$9)+20 -> 20.062202 | M16: =IF((1-ERF(M$10/SQRT(4*$F$4/($E$4*$C$4)*2*$D$4/$B$4)))*$L16<20,20,(1-ERF(M$10/SQRT(4*$F$4/($E$4*$C$4)*2*$D$4/$B$4)))*$L16) -> 20 | N16: =IF((1-ERF(N$10/SQRT(4*$F$4/($E$4*$C$4)*2*$D$4/$B$4)))*$L16<20,20,(1-ERF(N$10/SQRT(4*$F$4/($E$4*$C$4)*2*$D$4/$B$4)))*$L16) -> 20 | O16: =IF((1-ERF(O$10/SQRT(4*$F$4/($E$4*$C$4)*2*$D$4/$B$4)))*$L16<20,20,(1-ERF(O$10/SQRT(4*$F$4/($E$4*$C$4)*2*$D$4/$B$4)))*$L16) -> 20 | P16: =IF((1-ERF(P$10/SQRT(4*$F$4/($E$4*$C$4)*2*$D$4/$B$4)))*$L16<20,20,(1-ERF(P$10/SQRT(4*$F$4/($E$4*$C$4)*2*$D$4/$B$4)))*$L16) -> 20 | Q16: =IF((1-ERF(Q$10/SQRT(4*$F$4/($E$4*$C$4)*2*$D$4/$B$4)))*$L16<20,20,(1-ERF(Q$10/SQRT(4*$F$4/($E$4*$C$4)*2*$D$4/$B$4)))*$L16) -> 20 | R16: =IF((1-ERF(R$10/SQRT(4*$F$4/($E$4*$C$4)*2*$D$4/$B$4)))*$L16<20,20,(1-ERF(R$10/SQRT(4*$F$4/($E$4*$C$4)*2*$D$4/$B$4)))*$L16) -> 20 | S16: =IF((1-ERF(S$10/SQRT(4*$F$4/($E$4*$C$4)*2*$D$4/$B$4)))*$L16<20,20,(1-ERF(S$10/SQRT(4*$F$4/($E$4*$C$4)*2*$D$4/$B$4)))*$L16) -> 20 | T16: =IF((1-ERF(T$10/SQRT(4*$F$4/($E$4*$C$4)*2*$D$4/$B$4)))*$L16<20,20,(1-ERF(T$10/SQRT(4*$F$4/($E$4*$C$4)*2*$D$4/$B$4)))*$L16) -> 20 | ... BS16: =IF((1-ERF(BS$10/SQRT(4*$F$4/($E$4*$C$4)*2*$D$4/$B$4)))*$L16<20,20,(1-ERF(BS$10/SQRT(4*$F$4/($E$4*$C$4)*2*$D$4/$B$4)))*$L16) -> 20
B17: =B16+0.1 -> -1.701 | C17: =B17 -> -1.701 | E17: =($D$14*($B17+1))/2 -> -2.0309691 | F17: =($D$14*($B17-1))/2 -> -7.8254601 | G17: =((C17+1)*(EXP(E17))*(BESSELK(-E17,0)-BESSELK(-E17,1)))+((1-C17)*EXP(F17)*(BESSELK(-F17,0)-BESSELK(-F17,1))) -> 0.0022671749 | J17: =G17+H17+I17 -> 0.0022671749 | K17: =J17/MAX($J$14:$J$57) -> 0.0011575025 | L17: =IF($G$4>5,K17*$I$9,K17*$J$9)+20 -> 20.116982 | M17: =IF((1-ERF(M$10/SQRT(4*$F$4/($E$4*$C$4)*2*$D$4/$B$4)))*$L17<20,20,(1-ERF(M$10/SQRT(4*$F$4/($E$4*$C$4)*2*$D$4/$B$4)))*$L17) -> 20 | N17: =IF((1-ERF(N$10/SQRT(4*$F$4/($E$4*$C$4)*2*$D$4/$B$4)))*$L17<20,20,(1-ERF(N$10/SQRT(4*$F$4/($E$4*$C$4)*2*$D$4/$B$4)))*$L17) -> 20 | O17: =IF((1-ERF(O$10/SQRT(4*$F$4/($E$4*$C$4)*2*$D$4/$B$4)))*$L17<20,20,(1-ERF(O$10/SQRT(4*$F$4/($E$4*$C$4)*2*$D$4/$B$4)))*$L17) -> 20 | P17: =IF((1-ERF(P$10/SQRT(4*$F$4/($E$4*$C$4)*2*$D$4/$B$4)))*$L17<20,20,(1-ERF(P$10/SQRT(4*$F$4/($E$4*$C$4)*2*$D$4/$B$4)))*$L17) -> 20 | Q17: =IF((1-ERF(Q$10/SQRT(4*$F$4/($E$4*$C$4)*2*$D$4/$B$4)))*$L17<20,20,(1-ERF(Q$10/SQRT(4*$F$4/($E$4*$C$4)*2*$D$4/$B$4)))*$L17) -> 20 | R17: =IF((1-ERF(R$10/SQRT(4*$F$4/($E$4*$C$4)*2*$D$4/$B$4)))*$L17<20,20,(1-ERF(R$10/SQRT(4*$F$4/($E$4*$C$4)*2*$D$4/$B$4)))*$L17) -> 20 | S17: =IF((1-ERF(S$10/SQRT(4*$F$4/($E$4*$C$4)*2*$D$4/$B$4)))*$L17<20,20,(1-ERF(S$10/SQRT(4*$F$4/($E$4*$C$4)*2*$D$4/$B$4)))*$L17) -> 20 | T17: =IF((1-ERF(T$10/SQRT(4*$F$4/($E$4*$C$4)*2*$D$4/$B$4)))*$L17<20,20,(1-ERF(T$10/SQRT(4*$F$4/($E$4*$C$4)*2*$D$4/$B$4)))*$L17) -> 20 | ... BS17: =IF((1-ERF(BS$10/SQRT(4*$F$4/($E$4*$C$4)*2*$D$4/$B$4)))*$L17<20,20,(1-ERF(BS$10/SQRT(4*$F$4/($E$4*$C$4)*2*$D$4/$B$4)))*$L17) -> 20
B18: =B17+0.1 -> -1.601 | C18: =B18 -> -1.601 | E18: =($D$14*($B18+1))/2 -> -1.7412446 | F18: =($D$14*($B18-1))/2 -> -7.5357356 | G18: =((C18+1)*(EXP(E18))*(BESSELK(-E18,0)-BESSELK(-E18,1)))+((1-C18)*EXP(F18)*(BESSELK(-F18,0)-BESSELK(-F18,1))) -> 0.004291166 | J18: =G18+H18+I18 -> 0.004291166 | K18: =J18/MAX($J$14:$J$57) -> 0.0021908479 | L18: =IF($G$4>5,K18*$I$9,K18*$J$9)+20 -> 20.221416 | M18: =IF((1-ERF(M$10/SQRT(4*$F$4/($E$4*$C$4)*2*$D$4/$B$4)))*$L18<20,20,(1-ERF(M$10/SQRT(4*$F$4/($E$4*$C$4)*2*$D$4/$B$4)))*$L18) -> 20 | N18: =IF((1-ERF(N$10/SQRT(4*$F$4/($E$4*$C$4)*2*$D$4/$B$4)))*$L18<20,20,(1-ERF(N$10/SQRT(4*$F$4/($E$4*$C$4)*2*$D$4/$B$4)))*$L18) -> 20 | O18: =IF((1-ERF(O$10/SQRT(4*$F$4/($E$4*$C$4)*2*$D$4/$B$4)))*$L18<20,20,(1-ERF(O$10/SQRT(4*$F$4/($E$4*$C$4)*2*$D$4/$B$4)))*$L18) -> 20 | P18: =IF((1-ERF(P$10/SQRT(4*$F$4/($E$4*$C$4)*2*$D$4/$B$4)))*$L18<20,20,(1-ERF(P$10/SQRT(4*$F$4/($E$4*$C$4)*2*$D$4/$B$4)))*$L18) -> 20 | Q18: =IF((1-ERF(Q$10/SQRT(4*$F$4/($E$4*$C$4)*2*$D$4/$B$4)))*$L18<20,20,(1-ERF(Q$10/SQRT(4*$F$4/($E$4*$C$4)*2*$D$4/$B$4)))*$L18) -> 20 | R18: =IF((1-ERF(R$10/SQRT(4*$F$4/($E$4*$C$4)*2*$D$4/$B$4)))*$L18<20,20,(1-ERF(R$10/SQRT(4*$F$4/($E$4*$C$4)*2*$D$4/$B$4)))*$L18) -> 20 | S18: =IF((1-ERF(S$10/SQRT(4*$F$4/($E$4*$C$4)*2*$D$4/$B$4)))*$L18<20,20,(1-ERF(S$10/SQRT(4*$F$4/($E$4*$C$4)*2*$D$4/$B$4)))*$L18) -> 20 | T18: =IF((1-ERF(T$10/SQRT(4*$F$4/($E$4*$C$4)*2*$D$4/$B$4)))*$L18<20,20,(1-ERF(T$10/SQRT(4*$F$4/($E$4*$C$4)*2*$D$4/$B$4)))*$L18) -> 20 | ... BS18: =IF((1-ERF(BS$10/SQRT(4*$F$4/($E$4*$C$4)*2*$D$4/$B$4)))*$L18<20,20,(1-ERF(BS$10/SQRT(4*$F$4/($E$4*$C$4)*2*$D$4/$B$4)))*$L18) -> 20
B19: =B18+0.1 -> -1.501 | C19: =B19 -> -1.501 | E19: =($D$14*($B19+1))/2 -> -1.45152 | F19: =($D$14*($B19-1))/2 -> -7.246011 | G19: =((C19+1)*(EXP(E19))*(BESSELK(-E19,0)-BESSELK(-E19,1)))+((1-C19)*EXP(F19)*(BESSELK(-F19,0)-BESSELK(-F19,1))) -> 0.0081895943 | J19: =G19+H19+I19 -> 0.0081895943 | K19: =J19/MAX($J$14:$J$57) -> 0.0041811842 | L19: =IF($G$4>5,K19*$I$9,K19*$J$9)+20 -> 20.422567 | M19: =IF((1-ERF(M$10/SQRT(4*$F$4/($E$4*$C$4)*2*$D$4/$B$4)))*$L19<20,20,(1-ERF(M$10/SQRT(4*$F$4/($E$4*$C$4)*2*$D$4/$B$4)))*$L19) -> 20.145221 | N19: =IF((1-ERF(N$10/SQRT(4*$F$4/($E$4*$C$4)*2*$D$4/$B$4)))*$L19<20,20,(1-ERF(N$10/SQRT(4*$F$4/($E$4*$C$4)*2*$D$4/$B$4)))*$L19) -> 20 | O19: =IF((1-ERF(O$10/SQRT(4*$F$4/($E$4*$C$4)*2*$D$4/$B$4)))*$L19<20,20,(1-ERF(O$10/SQRT(4*$F$4/($E$4*$C$4)*2*$D$4/$B$4)))*$L19) -> 20 | P19: =IF((1-ERF(P$10/SQRT(4*$F$4/($E$4*$C$4)*2*$D$4/$B$4)))*$L19<20,20,(1-ERF(P$10/SQRT(4*$F$4/($E$4*$C$4)*2*$D$4/$B$4)))*$L19) -> 20 | Q19: =IF((1-ERF(Q$10/SQRT(4*$F$4/($E$4*$C$4)*2*$D$4/$B$4)))*$L19<20,20,(1-ERF(Q$10/SQRT(4*$F$4/($E$4*$C$4)*2*$D$4/$B$4)))*$L19) -> 20 | R19: =IF((1-ERF(R$10/SQRT(4*$F$4/($E$4*$C$4)*2*$D$4/$B$4)))*$L19<20,20,(1-ERF(R$10/SQRT(4*$F$4/($E$4*$C$4)*2*$D$4/$B$4)))*$L19) -> 20 | S19: =IF((1-ERF(S$10/SQRT(4*$F$4/($E$4*$C$4)*2*$D$4/$B$4)))*$L19<20,20,(1-ERF(S$10/SQRT(4*$F$4/($E$4*$C$4)*2*$D$4/$B$4)))*$L19) -> 20 | T19: =IF((1-ERF(T$10/SQRT(4*$F$4/($E$4*$C$4)*2*$D$4/$B$4)))*$L19<20,20,(1-ERF(T$10/SQRT(4*$F$4/($E$4*$C$4)*2*$D$4/$B$4)))*$L19) -> 20 | ... BS19: =IF((1-ERF(BS$10/SQRT(4*$F$4/($E$4*$C$4)*2*$D$4/$B$4)))*$L19<20,20,(1-ERF(BS$10/SQRT(4*$F$4/($E$4*$C$4)*2*$D$4/$B$4)))*$L19) -> 20
B20: =B19+0.1 -> -1.401 | C20: =B20 -> -1.401 | E20: =($D$14*($B20+1))/2 -> -1.1617954 | F20: =($D$14*($B20-1))/2 -> -6.9562865 | G20: =((C20+1)*(EXP(E20))*(BESSELK(-E20,0)-BESSELK(-E20,1)))+((1-C20)*EXP(F20)*(BESSELK(-F20,0)-BESSELK(-F20,1))) -> 0.015805505 | J20: =G20+H20+I20 -> 0.015805505 | K20: =J20/MAX($J$14:$J$57) -> 0.0080694755 | L20: =IF($G$4>5,K20*$I$9,K20*$J$9)+20 -> 20.815533 | M20: =IF((1-ERF(M$10/SQRT(4*$F$4/($E$4*$C$4)*2*$D$4/$B$4)))*$L20<20,20,(1-ERF(M$10/SQRT(4*$F$4/($E$4*$C$4)*2*$D$4/$B$4)))*$L20) -> 20.53285 | N20: =IF((1-ERF(N$10/SQRT(4*$F$4/($E$4*$C$4)*2*$D$4/$B$4)))*$L20<20,20,(1-ERF(N$10/SQRT(4*$F$4/($E$4*$C$4)*2*$D$4/$B$4)))*$L20) -> 20.250249 | O20: =IF((1-ERF(O$10/SQRT(4*$F$4/($E$4*$C$4)*2*$D$4/$B$4)))*$L20<20,20,(1-ERF(O$10/SQRT(4*$F$4/($E$4*$C$4)*2*$D$4/$B$4)))*$L20) -> 20 | P20: =IF((1-ERF(P$10/SQRT(4*$F$4/($E$4*$C$4)*2*$D$4/$B$4)))*$L20<20,20,(1-ERF(P$10/SQRT(4*$F$4/($E$4*$C$4)*2*$D$4/$B$4)))*$L20) -> 20 | Q20: =IF((1-ERF(Q$10/SQRT(4*$F$4/($E$4*$C$4)*2*$D$4/$B$4)))*$L20<20,20,(1-ERF(Q$10/SQRT(4*$F$4/($E$4*$C$4)*2*$D$4/$B$4)))*$L20) -> 20 | R20: =IF((1-ERF(R$10/SQRT(4*$F$4/($E$4*$C$4)*2*$D$4/$B$4)))*$L20<20,20,(1-ERF(R$10/SQRT(4*$F$4/($E$4*$C$4)*2*$D$4/$B$4)))*$L20) -> 20 | S20: =IF((1-ERF(S$10/SQRT(4*$F$4/($E$4*$C$4)*2*$D$4/$B$4)))*$L20<20,20,(1-ERF(S$10/SQRT(4*$F$4/($E$4*$C$4)*2*$D$4/$B$4)))*$L20) -> 20 | T20: =IF((1-ERF(T$10/SQRT(4*$F$4/($E$4*$C$4)*2*$D$4/$B$4)))*$L20<20,20,(1-ERF(T$10/SQRT(4*$F$4/($E$4*$C$4)*2*$D$4/$B$4)))*$L20) -> 20 | ... BS20: =IF((1-ERF(BS$10/SQRT(4*$F$4/($E$4*$C$4)*2*$D$4/$B$4)))*$L20<20,20,(1-ERF(BS$10/SQRT(4*$F$4/($E$4*$C$4)*2*$D$4/$B$4)))*$L20) -> 20
B21: =B20+0.1 -> -1.301 | C21: =B21 -> -1.301 | E21: =($D$14*($B21+1))/2 -> -0.8720709 | F21: =($D$14*($B21-1))/2 -> -6.6665619 | G21: =((C21+1)*(EXP(E21))*(BESSELK(-E21,0)-BESSELK(-E21,1)))+((1-C21)*EXP(F21)*(BESSELK(-F21,0)-BESSELK(-F21,1))) -> 0.030998437 | J21: =G21+H21+I21 -> 0.030998437 | K21: =J21/MAX($J$14:$J$57) -> 0.015826203 | L21: =IF($G$4>5,K21*$I$9,K21*$J$9)+20 -> 21.599459 | M21: =IF((1-ERF(M$10/SQRT(4*$F$4/($E$4*$C$4)*2*$D$4/$B$4)))*$L21<20,20,(1-ERF(M$10/SQRT(4*$F$4/($E$4*$C$4)*2*$D$4/$B$4)))*$L21) -> 21.30613 | N21: =IF((1-ERF(N$10/SQRT(4*$F$4/($E$4*$C$4)*2*$D$4/$B$4)))*$L21<20,20,(1-ERF(N$10/SQRT(4*$F$4/($E$4*$C$4)*2*$D$4/$B$4)))*$L21) -> 21.012886 | O21: =IF((1-ERF(O$10/SQRT(4*$F$4/($E$4*$C$4)*2*$D$4/$B$4)))*$L21<20,20,(1-ERF(O$10/SQRT(4*$F$4/($E$4*$C$4)*2*$D$4/$B$4)))*$L21) -> 20.719812 | P21: =IF((1-ERF(P$10/SQRT(4*$F$4/($E$4*$C$4)*2*$D$4/$B$4)))*$L21<20,20,(1-ERF(P$10/SQRT(4*$F$4/($E$4*$C$4)*2*$D$4/$B$4)))*$L21) -> 20.426993 | Q21: =IF((1-ERF(Q$10/SQRT(4*$F$4/($E$4*$C$4)*2*$D$4/$B$4)))*$L21<20,20,(1-ERF(Q$10/SQRT(4*$F$4/($E$4*$C$4)*2*$D$4/$B$4)))*$L21) -> 20.134513 | R21: =IF((1-ERF(R$10/SQRT(4*$F$4/($E$4*$C$4)*2*$D$4/$B$4)))*$L21<20,20,(1-ERF(R$10/SQRT(4*$F$4/($E$4*$C$4)*2*$D$4/$B$4)))*$L21) -> 20 | S21: =IF((1-ERF(S$10/SQRT(4*$F$4/($E$4*$C$4)*2*$D$4/$B$4)))*$L21<20,20,(1-ERF(S$10/SQRT(4*$F$4/($E$4*$C$4)*2*$D$4/$B$4)))*$L21) -> 20 | T21: =IF((1-ERF(T$10/SQRT(4*$F$4/($E$4*$C$4)*2*$D$4/$B$4)))*$L21<20,20,(1-ERF(T$10/SQRT(4*$F$4/($E$4*$C$4)*2*$D$4/$B$4)))*$L21) -> 20 | ... BS21: =IF((1-ERF(BS$10/SQRT(4*$F$4/($E$4*$C$4)*2*$D$4/$B$4)))*$L21<20,20,(1-ERF(BS$10/SQRT(4*$F$4/($E$4*$C$4)*2*$D$4/$B$4)))*$L21) -> 20
B22: =B21+0.1 -> -1.201 | C22: =B22 -> -1.201 | E22: =($D$14*($B22+1))/2 -> -0.58234635 | F22: =($D$14*($B22-1))/2 -> -6.3768374 | G22: =((C22+1)*(EXP(E22))*(BESSELK(-E22,0)-BESSELK(-E22,1)))+((1-C22)*EXP(F22)*(BESSELK(-F22,0)-BESSELK(-F22,1))) -> 0.062366897 | J22: =G22+H22+I22 -> 0.062366897 | K22: =J22/MAX($J$14:$J$57) -> 0.031841319 | L22: =IF($G$4>5,K22*$I$9,K22*$J$9)+20 -> 23.21801 | M22: =IF((1-ERF(M$10/SQRT(4*$F$4/($E$4*$C$4)*2*$D$4/$B$4)))*$L22<20,20,(1-ERF(M$10/SQRT(4*$F$4/($E$4*$C$4)*2*$D$4/$B$4)))*$L22) -> 22.9027 | N22: =IF((1-ERF(N$10/SQRT(4*$F$4/($E$4*$C$4)*2*$D$4/$B$4)))*$L22<20,20,(1-ERF(N$10/SQRT(4*$F$4/($E$4*$C$4)*2*$D$4/$B$4)))*$L22) -> 22.587482 | O22: =IF((1-ERF(O$10/SQRT(4*$F$4/($E$4*$C$4)*2*$D$4/$B$4)))*$L22<20,20,(1-ERF(O$10/SQRT(4*$F$4/($E$4*$C$4)*2*$D$4/$B$4)))*$L22) -> 22.272447 | P22: =IF((1-ERF(P$10/SQRT(4*$F$4/($E$4*$C$4)*2*$D$4/$B$4)))*$L22<20,20,(1-ERF(P$10/SQRT(4*$F$4/($E$4*$C$4)*2*$D$4/$B$4)))*$L22) -> 21.957685 | Q22: =IF((1-ERF(Q$10/SQRT(4*$F$4/($E$4*$C$4)*2*$D$4/$B$4)))*$L22<20,20,(1-ERF(Q$10/SQRT(4*$F$4/($E$4*$C$4)*2*$D$4/$B$4)))*$L22) -> 21.643288 | R22: =IF((1-ERF(R$10/SQRT(4*$F$4/($E$4*$C$4)*2*$D$4/$B$4)))*$L22<20,20,(1-ERF(R$10/SQRT(4*$F$4/($E$4*$C$4)*2*$D$4/$B$4)))*$L22) -> 21.329346 | S22: =IF((1-ERF(S$10/SQRT(4*$F$4/($E$4*$C$4)*2*$D$4/$B$4)))*$L22<20,20,(1-ERF(S$10/SQRT(4*$F$4/($E$4*$C$4)*2*$D$4/$B$4)))*$L22) -> 21.01595 | T22: =IF((1-ERF(T$10/SQRT(4*$F$4/($E$4*$C$4)*2*$D$4/$B$4)))*$L22<20,20,(1-ERF(T$10/SQRT(4*$F$4/($E$4*$C$4)*2*$D$4/$B$4)))*$L22) -> 20.703188 | ... BS22: =IF((1-ERF(BS$10/SQRT(4*$F$4/($E$4*$C$4)*2*$D$4/$B$4)))*$L22<20,20,(1-ERF(BS$10/SQRT(4*$F$4/($E$4*$C$4)*2*$D$4/$B$4)))*$L22) -> 20
B23: =B22+0.1 -> -1.101 | C23: =B23 -> -1.101 | E23: =($D$14*($B23+1))/2 -> -0.2926218 | F23: =($D$14*($B23-1))/2 -> -6.0871128 | G23: =((C23+1)*(EXP(E23))*(BESSELK(-E23,0)-BESSELK(-E23,1)))+((1-C23)*EXP(F23)*(BESSELK(-F23,0)-BESSELK(-F23,1))) -> 0.13176243 | J23: =G23+H23+I23 -> 0.13176243 | K23: =J23/MAX($J$14:$J$57) -> 0.067271097 | L23: =IF($G$4>5,K23*$I$9,K23*$J$9)+20 -> 26.798683 | M23: =IF((1-ERF(M$10/SQRT(4*$F$4/($E$4*$C$4)*2*$D$4/$B$4)))*$L23<20,20,(1-ERF(M$10/SQRT(4*$F$4/($E$4*$C$4)*2*$D$4/$B$4)))*$L23) -> 26.434747 | N23: =IF((1-ERF(N$10/SQRT(4*$F$4/($E$4*$C$4)*2*$D$4/$B$4)))*$L23<20,20,(1-ERF(N$10/SQRT(4*$F$4/($E$4*$C$4)*2*$D$4/$B$4)))*$L23) -> 26.070916 | O23: =IF((1-ERF(O$10/SQRT(4*$F$4/($E$4*$C$4)*2*$D$4/$B$4)))*$L23<20,20,(1-ERF(O$10/SQRT(4*$F$4/($E$4*$C$4)*2*$D$4/$B$4)))*$L23) -> 25.707296 | P23: =IF((1-ERF(P$10/SQRT(4*$F$4/($E$4*$C$4)*2*$D$4/$B$4)))*$L23<20,20,(1-ERF(P$10/SQRT(4*$F$4/($E$4*$C$4)*2*$D$4/$B$4)))*$L23) -> 25.343992 | Q23: =IF((1-ERF(Q$10/SQRT(4*$F$4/($E$4*$C$4)*2*$D$4/$B$4)))*$L23<20,20,(1-ERF(Q$10/SQRT(4*$F$4/($E$4*$C$4)*2*$D$4/$B$4)))*$L23) -> 24.981109 | R23: =IF((1-ERF(R$10/SQRT(4*$F$4/($E$4*$C$4)*2*$D$4/$B$4)))*$L23<20,20,(1-ERF(R$10/SQRT(4*$F$4/($E$4*$C$4)*2*$D$4/$B$4)))*$L23) -> 24.618751 | S23: =IF((1-ERF(S$10/SQRT(4*$F$4/($E$4*$C$4)*2*$D$4/$B$4)))*$L23<20,20,(1-ERF(S$10/SQRT(4*$F$4/($E$4*$C$4)*2*$D$4/$B$4)))*$L23) -> 24.257022 | T23: =IF((1-ERF(T$10/SQRT(4*$F$4/($E$4*$C$4)*2*$D$4/$B$4)))*$L23<20,20,(1-ERF(T$10/SQRT(4*$F$4/($E$4*$C$4)*2*$D$4/$B$4)))*$L23) -> 23.896026 | ... BS23: =IF((1-ERF(BS$10/SQRT(4*$F$4/($E$4*$C$4)*2*$D$4/$B$4)))*$L23<20,20,(1-ERF(BS$10/SQRT(4*$F$4/($E$4*$C$4)*2*$D$4/$B$4)))*$L23) -> 20
B24: =B23+0.1 -> -1.001 | C24: =B24 -> -1.001 | E24: =($D$14*($B24+1))/2 -> -0.0028972455 | F24: =($D$14*($B24-1))/2 -> -5.7973883 | G24: =((C24+1)*(EXP(E24))*(BESSELK(-E24,0)-BESSELK(-E24,1)))+((1-C24)*EXP(F24)*(BESSELK(-F24,0)-BESSELK(-F24,1))) -> 0.33820406 | J24: =G24+H24+I24 -> 0.33820406 | K24: =J24/MAX($J$14:$J$57) -> 0.17266954 | L24: =IF($G$4>5,K24*$I$9,K24*$J$9)+20 -> 37.450666 | M24: =IF((1-ERF(M$10/SQRT(4*$F$4/($E$4*$C$4)*2*$D$4/$B$4)))*$L24<20,20,(1-ERF(M$10/SQRT(4*$F$4/($E$4*$C$4)*2*$D$4/$B$4)))*$L24) -> 36.942072 | N24: =IF((1-ERF(N$10/SQRT(4*$F$4/($E$4*$C$4)*2*$D$4/$B$4)))*$L24<20,20,(1-ERF(N$10/SQRT(4*$F$4/($E$4*$C$4)*2*$D$4/$B$4)))*$L24) -> 36.433625 | O24: =IF((1-ERF(O$10/SQRT(4*$F$4/($E$4*$C$4)*2*$D$4/$B$4)))*$L24<20,20,(1-ERF(O$10/SQRT(4*$F$4/($E$4*$C$4)*2*$D$4/$B$4)))*$L24) -> 35.925473 | P24: =IF((1-ERF(P$10/SQRT(4*$F$4/($E$4*$C$4)*2*$D$4/$B$4)))*$L24<20,20,(1-ERF(P$10/SQRT(4*$F$4/($E$4*$C$4)*2*$D$4/$B$4)))*$L24) -> 35.417762 | Q24: =IF((1-ERF(Q$10/SQRT(4*$F$4/($E$4*$C$4)*2*$D$4/$B$4)))*$L24<20,20,(1-ERF(Q$10/SQRT(4*$F$4/($E$4*$C$4)*2*$D$4/$B$4)))*$L24) -> 34.91064 | R24: =IF((1-ERF(R$10/SQRT(4*$F$4/($E$4*$C$4)*2*$D$4/$B$4)))*$L24<20,20,(1-ERF(R$10/SQRT(4*$F$4/($E$4*$C$4)*2*$D$4/$B$4)))*$L24) -> 34.404251 | S24: =IF((1-ERF(S$10/SQRT(4*$F$4/($E$4*$C$4)*2*$D$4/$B$4)))*$L24<20,20,(1-ERF(S$10/SQRT(4*$F$4/($E$4*$C$4)*2*$D$4/$B$4)))*$L24) -> 33.898742 | T24: =IF((1-ERF(T$10/SQRT(4*$F$4/($E$4*$C$4)*2*$D$4/$B$4)))*$L24<20,20,(1-ERF(T$10/SQRT(4*$F$4/($E$4*$C$4)*2*$D$4/$B$4)))*$L24) -> 33.394257 | ... BS24: =IF((1-ERF(BS$10/SQRT(4*$F$4/($E$4*$C$4)*2*$D$4/$B$4)))*$L24<20,20,(1-ERF(BS$10/SQRT(4*$F$4/($E$4*$C$4)*2*$D$4/$B$4)))*$L24) -> 20
B25: =B24+0.1 -> -0.901 | C25: =B25 -> -0.901 | E25: =($D$14*($B25+1))/2 -> 0.28682731 | F25: =($D$14*($B25-1))/2 -> -5.5076637 | H25: =(((C25+1)*EXP(E25))*(BESSELK(E25,0)+BESSELK(E25,1)))+(((1-C25)*EXP(F25))*(BESSELK(-F25,0)-BESSELK(-F25,1))) -> 0.61048555 | J25: =G25+H25+I25 -> 0.61048555 | K25: =J25/MAX($J$14:$J$57) -> 0.31168242 | L25: =IF($G$4>5,K25*$I$9,K25*$J$9)+20 -> 51.499857 | M25: =IF((1-ERF(M$10/SQRT(4*$F$4/($E$4*$C$4)*2*$D$4/$B$4)))*$L25<20,20,(1-ERF(M$10/SQRT(4*$F$4/($E$4*$C$4)*2*$D$4/$B$4)))*$L25) -> 50.80047 | N25: =IF((1-ERF(N$10/SQRT(4*$F$4/($E$4*$C$4)*2*$D$4/$B$4)))*$L25<20,20,(1-ERF(N$10/SQRT(4*$F$4/($E$4*$C$4)*2*$D$4/$B$4)))*$L25) -> 50.101285 | O25: =IF((1-ERF(O$10/SQRT(4*$F$4/($E$4*$C$4)*2*$D$4/$B$4)))*$L25<20,20,(1-ERF(O$10/SQRT(4*$F$4/($E$4*$C$4)*2*$D$4/$B$4)))*$L25) -> 49.402505 | P25: =IF((1-ERF(P$10/SQRT(4*$F$4/($E$4*$C$4)*2*$D$4/$B$4)))*$L25<20,20,(1-ERF(P$10/SQRT(4*$F$4/($E$4*$C$4)*2*$D$4/$B$4)))*$L25) -> 48.704333 | Q25: =IF((1-ERF(Q$10/SQRT(4*$F$4/($E$4*$C$4)*2*$D$4/$B$4)))*$L25<20,20,(1-ERF(Q$10/SQRT(4*$F$4/($E$4*$C$4)*2*$D$4/$B$4)))*$L25) -> 48.006969 | R25: =IF((1-ERF(R$10/SQRT(4*$F$4/($E$4*$C$4)*2*$D$4/$B$4)))*$L25<20,20,(1-ERF(R$10/SQRT(4*$F$4/($E$4*$C$4)*2*$D$4/$B$4)))*$L25) -> 47.310614 | S25: =IF((1-ERF(S$10/SQRT(4*$F$4/($E$4*$C$4)*2*$D$4/$B$4)))*$L25<20,20,(1-ERF(S$10/SQRT(4*$F$4/($E$4*$C$4)*2*$D$4/$B$4)))*$L25) -> 46.615469 | T25: =IF((1-ERF(T$10/SQRT(4*$F$4/($E$4*$C$4)*2*$D$4/$B$4)))*$L25<20,20,(1-ERF(T$10/SQRT(4*$F$4/($E$4*$C$4)*2*$D$4/$B$4)))*$L25) -> 45.921732 | ... BS25: =IF((1-ERF(BS$10/SQRT(4*$F$4/($E$4*$C$4)*2*$D$4/$B$4)))*$L25<20,20,(1-ERF(BS$10/SQRT(4*$F$4/($E$4*$C$4)*2*$D$4/$B$4)))*$L25) -> 20
B26: =B25+0.1 -> -0.801 | C26: =B26 -> -0.801 | E26: =($D$14*($B26+1))/2 -> 0.57655186 | F26: =($D$14*($B26-1))/2 -> -5.2179392 | H26: =(((C26+1)*EXP(E26))*(BESSELK(E26,0)+BESSELK(E26,1)))+(((1-C26)*EXP(F26))*(BESSELK(-F26,0)-BESSELK(-F26,1))) -> 0.77345862 | J26: =G26+H26+I26 -> 0.77345862 | K26: =J26/MAX($J$14:$J$57) -> 0.39488806 | L26: =IF($G$4>5,K26*$I$9,K26*$J$9)+20 -> 59.908948 | M26: =IF((1-ERF(M$10/SQRT(4*$F$4/($E$4*$C$4)*2*$D$4/$B$4)))*$L26<20,20,(1-ERF(M$10/SQRT(4*$F$4/($E$4*$C$4)*2*$D$4/$B$4)))*$L26) -> 59.095362 | N26: =IF((1-ERF(N$10/SQRT(4*$F$4/($E$4*$C$4)*2*$D$4/$B$4)))*$L26<20,20,(1-ERF(N$10/SQRT(4*$F$4/($E$4*$C$4)*2*$D$4/$B$4)))*$L26) -> 58.282011 | O26: =IF((1-ERF(O$10/SQRT(4*$F$4/($E$4*$C$4)*2*$D$4/$B$4)))*$L26<20,20,(1-ERF(O$10/SQRT(4*$F$4/($E$4*$C$4)*2*$D$4/$B$4)))*$L26) -> 57.469132 | P26: =IF((1-ERF(P$10/SQRT(4*$F$4/($E$4*$C$4)*2*$D$4/$B$4)))*$L26<20,20,(1-ERF(P$10/SQRT(4*$F$4/($E$4*$C$4)*2*$D$4/$B$4)))*$L26) -> 56.656959 | Q26: =IF((1-ERF(Q$10/SQRT(4*$F$4/($E$4*$C$4)*2*$D$4/$B$4)))*$L26<20,20,(1-ERF(Q$10/SQRT(4*$F$4/($E$4*$C$4)*2*$D$4/$B$4)))*$L26) -> 55.845727 | R26: =IF((1-ERF(R$10/SQRT(4*$F$4/($E$4*$C$4)*2*$D$4/$B$4)))*$L26<20,20,(1-ERF(R$10/SQRT(4*$F$4/($E$4*$C$4)*2*$D$4/$B$4)))*$L26) -> 55.035669 | S26: =IF((1-ERF(S$10/SQRT(4*$F$4/($E$4*$C$4)*2*$D$4/$B$4)))*$L26<20,20,(1-ERF(S$10/SQRT(4*$F$4/($E$4*$C$4)*2*$D$4/$B$4)))*$L26) -> 54.227018 | T26: =IF((1-ERF(T$10/SQRT(4*$F$4/($E$4*$C$4)*2*$D$4/$B$4)))*$L26<20,20,(1-ERF(T$10/SQRT(4*$F$4/($E$4*$C$4)*2*$D$4/$B$4)))*$L26) -> 53.420005 | ... BS26: =IF((1-ERF(BS$10/SQRT(4*$F$4/($E$4*$C$4)*2*$D$4/$B$4)))*$L26<20,20,(1-ERF(BS$10/SQRT(4*$F$4/($E$4*$C$4)*2*$D$4/$B$4)))*$L26) -> 20
B27: =B26+0.1 -> -0.701 | C27: =B27 -> -0.701 | E27: =($D$14*($B27+1))/2 -> 0.86627641 | F27: =($D$14*($B27-1))/2 -> -4.9282146 | H27: =(((C27+1)*EXP(E27))*(BESSELK(E27,0)+BESSELK(E27,1)))+(((1-C27)*EXP(F27))*(BESSELK(-F27,0)-BESSELK(-F27,1))) -> 0.90530232 | J27: =G27+H27+I27 -> 0.90530232 | K27: =J27/MAX($J$14:$J$57) -> 0.46220065 | L27: =IF($G$4>5,K27*$I$9,K27*$J$9)+20 -> 66.711824 | M27: =IF((1-ERF(M$10/SQRT(4*$F$4/($E$4*$C$4)*2*$D$4/$B$4)))*$L27<20,20,(1-ERF(M$10/SQRT(4*$F$4/($E$4*$C$4)*2*$D$4/$B$4)))*$L27) -> 65.805852 | N27: =IF((1-ERF(N$10/SQRT(4*$F$4/($E$4*$C$4)*2*$D$4/$B$4)))*$L27<20,20,(1-ERF(N$10/SQRT(4*$F$4/($E$4*$C$4)*2*$D$4/$B$4)))*$L27) -> 64.900143 | O27: =IF((1-ERF(O$10/SQRT(4*$F$4/($E$4*$C$4)*2*$D$4/$B$4)))*$L27<20,20,(1-ERF(O$10/SQRT(4*$F$4/($E$4*$C$4)*2*$D$4/$B$4)))*$L27) -> 63.994959 | P27: =IF((1-ERF(P$10/SQRT(4*$F$4/($E$4*$C$4)*2*$D$4/$B$4)))*$L27<20,20,(1-ERF(P$10/SQRT(4*$F$4/($E$4*$C$4)*2*$D$4/$B$4)))*$L27) -> 63.090561 | Q27: =IF((1-ERF(Q$10/SQRT(4*$F$4/($E$4*$C$4)*2*$D$4/$B$4)))*$L27<20,20,(1-ERF(Q$10/SQRT(4*$F$4/($E$4*$C$4)*2*$D$4/$B$4)))*$L27) -> 62.18721 | R27: =IF((1-ERF(R$10/SQRT(4*$F$4/($E$4*$C$4)*2*$D$4/$B$4)))*$L27<20,20,(1-ERF(R$10/SQRT(4*$F$4/($E$4*$C$4)*2*$D$4/$B$4)))*$L27) -> 61.285167 | S27: =IF((1-ERF(S$10/SQRT(4*$F$4/($E$4*$C$4)*2*$D$4/$B$4)))*$L27<20,20,(1-ERF(S$10/SQRT(4*$F$4/($E$4*$C$4)*2*$D$4/$B$4)))*$L27) -> 60.384691 | T27: =IF((1-ERF(T$10/SQRT(4*$F$4/($E$4*$C$4)*2*$D$4/$B$4)))*$L27<20,20,(1-ERF(T$10/SQRT(4*$F$4/($E$4*$C$4)*2*$D$4/$B$4)))*$L27) -> 59.486039 | ... BS27: =IF((1-ERF(BS$10/SQRT(4*$F$4/($E$4*$C$4)*2*$D$4/$B$4)))*$L27<20,20,(1-ERF(BS$10/SQRT(4*$F$4/($E$4*$C$4)*2*$D$4/$B$4)))*$L27) -> 20
B28: =B27+0.1 -> -0.601 | C28: =B28 -> -0.601 | E28: =($D$14*($B28+1))/2 -> 1.156001 | F28: =($D$14*($B28-1))/2 -> -4.6384901 | H28: =(((C28+1)*EXP(E28))*(BESSELK(E28,0)+BESSELK(E28,1)))+(((1-C28)*EXP(F28))*(BESSELK(-F28,0)-BESSELK(-F28,1))) -> 1.0194253 | J28: =G28+H28+I28 -> 1.0194253 | K28: =J28/MAX($J$14:$J$57) -> 0.52046598 | L28: =IF($G$4>5,K28*$I$9,K28*$J$9)+20 -> 72.600348 | M28: =IF((1-ERF(M$10/SQRT(4*$F$4/($E$4*$C$4)*2*$D$4/$B$4)))*$L28<20,20,(1-ERF(M$10/SQRT(4*$F$4/($E$4*$C$4)*2*$D$4/$B$4)))*$L28) -> 71.614408 | N28: =IF((1-ERF(N$10/SQRT(4*$F$4/($E$4*$C$4)*2*$D$4/$B$4)))*$L28<20,20,(1-ERF(N$10/SQRT(4*$F$4/($E$4*$C$4)*2*$D$4/$B$4)))*$L28) -> 70.628754 | O28: =IF((1-ERF(O$10/SQRT(4*$F$4/($E$4*$C$4)*2*$D$4/$B$4)))*$L28<20,20,(1-ERF(O$10/SQRT(4*$F$4/($E$4*$C$4)*2*$D$4/$B$4)))*$L28) -> 69.64367 | P28: =IF((1-ERF(P$10/SQRT(4*$F$4/($E$4*$C$4)*2*$D$4/$B$4)))*$L28<20,20,(1-ERF(P$10/SQRT(4*$F$4/($E$4*$C$4)*2*$D$4/$B$4)))*$L28) -> 68.659443 | Q28: =IF((1-ERF(Q$10/SQRT(4*$F$4/($E$4*$C$4)*2*$D$4/$B$4)))*$L28<20,20,(1-ERF(Q$10/SQRT(4*$F$4/($E$4*$C$4)*2*$D$4/$B$4)))*$L28) -> 67.676355 | R28: =IF((1-ERF(R$10/SQRT(4*$F$4/($E$4*$C$4)*2*$D$4/$B$4)))*$L28<20,20,(1-ERF(R$10/SQRT(4*$F$4/($E$4*$C$4)*2*$D$4/$B$4)))*$L28) -> 66.694691 | S28: =IF((1-ERF(S$10/SQRT(4*$F$4/($E$4*$C$4)*2*$D$4/$B$4)))*$L28<20,20,(1-ERF(S$10/SQRT(4*$F$4/($E$4*$C$4)*2*$D$4/$B$4)))*$L28) -> 65.714731 | T28: =IF((1-ERF(T$10/SQRT(4*$F$4/($E$4*$C$4)*2*$D$4/$B$4)))*$L28<20,20,(1-ERF(T$10/SQRT(4*$F$4/($E$4*$C$4)*2*$D$4/$B$4)))*$L28) -> 64.736757 | ... BS28: =IF((1-ERF(BS$10/SQRT(4*$F$4/($E$4*$C$4)*2*$D$4/$B$4)))*$L28<20,20,(1-ERF(BS$10/SQRT(4*$F$4/($E$4*$C$4)*2*$D$4/$B$4)))*$L28) -> 20
B29: =B28+0.1 -> -0.501 | C29: =B29 -> -0.501 | E29: =($D$14*($B29+1))/2 -> 1.4457255 | F29: =($D$14*($B29-1))/2 -> -4.3487655 | H29: =(((C29+1)*EXP(E29))*(BESSELK(E29,0)+BESSELK(E29,1)))+(((1-C29)*EXP(F29))*(BESSELK(-F29,0)-BESSELK(-F29,1))) -> 1.1216116 | J29: =G29+H29+I29 -> 1.1216116 | K29: =J29/MAX($J$14:$J$57) -> 0.57263702 | L29: =IF($G$4>5,K29*$I$9,K29*$J$9)+20 -> 77.87296 | M29: =IF((1-ERF(M$10/SQRT(4*$F$4/($E$4*$C$4)*2*$D$4/$B$4)))*$L29<20,20,(1-ERF(M$10/SQRT(4*$F$4/($E$4*$C$4)*2*$D$4/$B$4)))*$L29) -> 76.815416 | N29: =IF((1-ERF(N$10/SQRT(4*$F$4/($E$4*$C$4)*2*$D$4/$B$4)))*$L29<20,20,(1-ERF(N$10/SQRT(4*$F$4/($E$4*$C$4)*2*$D$4/$B$4)))*$L29) -> 75.758179 | O29: =IF((1-ERF(O$10/SQRT(4*$F$4/($E$4*$C$4)*2*$D$4/$B$4)))*$L29<20,20,(1-ERF(O$10/SQRT(4*$F$4/($E$4*$C$4)*2*$D$4/$B$4)))*$L29) -> 74.701553 | P29: =IF((1-ERF(P$10/SQRT(4*$F$4/($E$4*$C$4)*2*$D$4/$B$4)))*$L29<20,20,(1-ERF(P$10/SQRT(4*$F$4/($E$4*$C$4)*2*$D$4/$B$4)))*$L29) -> 73.645846 | Q29: =IF((1-ERF(Q$10/SQRT(4*$F$4/($E$4*$C$4)*2*$D$4/$B$4)))*$L29<20,20,(1-ERF(Q$10/SQRT(4*$F$4/($E$4*$C$4)*2*$D$4/$B$4)))*$L29) -> 72.591362 | R29: =IF((1-ERF(R$10/SQRT(4*$F$4/($E$4*$C$4)*2*$D$4/$B$4)))*$L29<20,20,(1-ERF(R$10/SQRT(4*$F$4/($E$4*$C$4)*2*$D$4/$B$4)))*$L29) -> 71.538404 | S29: =IF((1-ERF(S$10/SQRT(4*$F$4/($E$4*$C$4)*2*$D$4/$B$4)))*$L29<20,20,(1-ERF(S$10/SQRT(4*$F$4/($E$4*$C$4)*2*$D$4/$B$4)))*$L29) -> 70.487274 | T29: =IF((1-ERF(T$10/SQRT(4*$F$4/($E$4*$C$4)*2*$D$4/$B$4)))*$L29<20,20,(1-ERF(T$10/SQRT(4*$F$4/($E$4*$C$4)*2*$D$4/$B$4)))*$L29) -> 69.438274 | ... BS29: =IF((1-ERF(BS$10/SQRT(4*$F$4/($E$4*$C$4)*2*$D$4/$B$4)))*$L29<20,20,(1-ERF(BS$10/SQRT(4*$F$4/($E$4*$C$4)*2*$D$4/$B$4)))*$L29) -> 20
B30: =B29+0.1 -> -0.401 | C30: =B30 -> -0.401 | E30: =($D$14*($B30+1))/2 -> 1.7354501 | F30: =($D$14*($B30-1))/2 -> -4.059041 | H30: =(((C30+1)*EXP(E30))*(BESSELK(E30,0)+BESSELK(E30,1)))+(((1-C30)*EXP(F30))*(BESSELK(-F30,0)-BESSELK(-F30,1))) -> 1.2150187 | J30: =G30+H30+I30 -> 1.2150187 | K30: =J30/MAX($J$14:$J$57) -> 0.62032584 | L30: =IF($G$4>5,K30*$I$9,K30*$J$9)+20 -> 82.69258 | M30: =IF((1-ERF(M$10/SQRT(4*$F$4/($E$4*$C$4)*2*$D$4/$B$4)))*$L30<20,20,(1-ERF(M$10/SQRT(4*$F$4/($E$4*$C$4)*2*$D$4/$B$4)))*$L30) -> 81.569584 | N30: =IF((1-ERF(N$10/SQRT(4*$F$4/($E$4*$C$4)*2*$D$4/$B$4)))*$L30<20,20,(1-ERF(N$10/SQRT(4*$F$4/($E$4*$C$4)*2*$D$4/$B$4)))*$L30) -> 80.446913 | O30: =IF((1-ERF(O$10/SQRT(4*$F$4/($E$4*$C$4)*2*$D$4/$B$4)))*$L30<20,20,(1-ERF(O$10/SQRT(4*$F$4/($E$4*$C$4)*2*$D$4/$B$4)))*$L30) -> 79.324893 | P30: =IF((1-ERF(P$10/SQRT(4*$F$4/($E$4*$C$4)*2*$D$4/$B$4)))*$L30<20,20,(1-ERF(P$10/SQRT(4*$F$4/($E$4*$C$4)*2*$D$4/$B$4)))*$L30) -> 78.203847 | Q30: =IF((1-ERF(Q$10/SQRT(4*$F$4/($E$4*$C$4)*2*$D$4/$B$4)))*$L30<20,20,(1-ERF(Q$10/SQRT(4*$F$4/($E$4*$C$4)*2*$D$4/$B$4)))*$L30) -> 77.0841 | R30: =IF((1-ERF(R$10/SQRT(4*$F$4/($E$4*$C$4)*2*$D$4/$B$4)))*$L30<20,20,(1-ERF(R$10/SQRT(4*$F$4/($E$4*$C$4)*2*$D$4/$B$4)))*$L30) -> 75.965973 | S30: =IF((1-ERF(S$10/SQRT(4*$F$4/($E$4*$C$4)*2*$D$4/$B$4)))*$L30<20,20,(1-ERF(S$10/SQRT(4*$F$4/($E$4*$C$4)*2*$D$4/$B$4)))*$L30) -> 74.849789 | T30: =IF((1-ERF(T$10/SQRT(4*$F$4/($E$4*$C$4)*2*$D$4/$B$4)))*$L30<20,20,(1-ERF(T$10/SQRT(4*$F$4/($E$4*$C$4)*2*$D$4/$B$4)))*$L30) -> 73.735865 | ... BS30: =IF((1-ERF(BS$10/SQRT(4*$F$4/($E$4*$C$4)*2*$D$4/$B$4)))*$L30<20,20,(1-ERF(BS$10/SQRT(4*$F$4/($E$4*$C$4)*2*$D$4/$B$4)))*$L30) -> 20
B31: =B30+0.1 -> -0.301 | C31: =B31 -> -0.301 | E31: =($D$14*($B31+1))/2 -> 2.0251746 | F31: =($D$14*($B31-1))/2 -> -3.7693164 | H31: =(((C31+1)*EXP(E31))*(BESSELK(E31,0)+BESSELK(E31,1)))+(((1-C31)*EXP(F31))*(BESSELK(-F31,0)-BESSELK(-F31,1))) -> 1.3016011 | J31: =G31+H31+I31 -> 1.3016011 | K31: =J31/MAX($J$14:$J$57) -> 0.66453037 | L31: =IF($G$4>5,K31*$I$9,K31*$J$9)+20 -> 87.160065 | M31: =IF((1-ERF(M$10/SQRT(4*$F$4/($E$4*$C$4)*2*$D$4/$B$4)))*$L31<20,20,(1-ERF(M$10/SQRT(4*$F$4/($E$4*$C$4)*2*$D$4/$B$4)))*$L31) -> 85.976399 | N31: =IF((1-ERF(N$10/SQRT(4*$F$4/($E$4*$C$4)*2*$D$4/$B$4)))*$L31<20,20,(1-ERF(N$10/SQRT(4*$F$4/($E$4*$C$4)*2*$D$4/$B$4)))*$L31) -> 84.793075 | O31: =IF((1-ERF(O$10/SQRT(4*$F$4/($E$4*$C$4)*2*$D$4/$B$4)))*$L31<20,20,(1-ERF(O$10/SQRT(4*$F$4/($E$4*$C$4)*2*$D$4/$B$4)))*$L31) -> 83.610437 | P31: =IF((1-ERF(P$10/SQRT(4*$F$4/($E$4*$C$4)*2*$D$4/$B$4)))*$L31<20,20,(1-ERF(P$10/SQRT(4*$F$4/($E$4*$C$4)*2*$D$4/$B$4)))*$L31) -> 82.428827 | Q31: =IF((1-ERF(Q$10/SQRT(4*$F$4/($E$4*$C$4)*2*$D$4/$B$4)))*$L31<20,20,(1-ERF(Q$10/SQRT(4*$F$4/($E$4*$C$4)*2*$D$4/$B$4)))*$L31) -> 81.248585 | R31: =IF((1-ERF(R$10/SQRT(4*$F$4/($E$4*$C$4)*2*$D$4/$B$4)))*$L31<20,20,(1-ERF(R$10/SQRT(4*$F$4/($E$4*$C$4)*2*$D$4/$B$4)))*$L31) -> 80.070051 | S31: =IF((1-ERF(S$10/SQRT(4*$F$4/($E$4*$C$4)*2*$D$4/$B$4)))*$L31<20,20,(1-ERF(S$10/SQRT(4*$F$4/($E$4*$C$4)*2*$D$4/$B$4)))*$L31) -> 78.893564 | T31: =IF((1-ERF(T$10/SQRT(4*$F$4/($E$4*$C$4)*2*$D$4/$B$4)))*$L31<20,20,(1-ERF(T$10/SQRT(4*$F$4/($E$4*$C$4)*2*$D$4/$B$4)))*$L31) -> 77.719461 | ... BS31: =IF((1-ERF(BS$10/SQRT(4*$F$4/($E$4*$C$4)*2*$D$4/$B$4)))*$L31<20,20,(1-ERF(BS$10/SQRT(4*$F$4/($E$4*$C$4)*2*$D$4/$B$4)))*$L31) -> 20
B32: =B31+0.1 -> -0.201 | C32: =B32 -> -0.201 | E32: =($D$14*($B32+1))/2 -> 2.3148992 | F32: =($D$14*($B32-1))/2 -> -3.4795919 | H32: =(((C32+1)*EXP(E32))*(BESSELK(E32,0)+BESSELK(E32,1)))+(((1-C32)*EXP(F32))*(BESSELK(-F32,0)-BESSELK(-F32,1))) -> 1.3826675 | J32: =G32+H32+I32 -> 1.3826675 | K32: =J32/MAX($J$14:$J$57) -> 0.70591866 | L32: =IF($G$4>5,K32*$I$9,K32*$J$9)+20 -> 91.342929 | M32: =IF((1-ERF(M$10/SQRT(4*$F$4/($E$4*$C$4)*2*$D$4/$B$4)))*$L32<20,20,(1-ERF(M$10/SQRT(4*$F$4/($E$4*$C$4)*2*$D$4/$B$4)))*$L32) -> 90.102457 | N32: =IF((1-ERF(N$10/SQRT(4*$F$4/($E$4*$C$4)*2*$D$4/$B$4)))*$L32<20,20,(1-ERF(N$10/SQRT(4*$F$4/($E$4*$C$4)*2*$D$4/$B$4)))*$L32) -> 88.862346 | O32: =IF((1-ERF(O$10/SQRT(4*$F$4/($E$4*$C$4)*2*$D$4/$B$4)))*$L32<20,20,(1-ERF(O$10/SQRT(4*$F$4/($E$4*$C$4)*2*$D$4/$B$4)))*$L32) -> 87.622952 | P32: =IF((1-ERF(P$10/SQRT(4*$F$4/($E$4*$C$4)*2*$D$4/$B$4)))*$L32<20,20,(1-ERF(P$10/SQRT(4*$F$4/($E$4*$C$4)*2*$D$4/$B$4)))*$L32) -> 86.384635 | Q32: =IF((1-ERF(Q$10/SQRT(4*$F$4/($E$4*$C$4)*2*$D$4/$B$4)))*$L32<20,20,(1-ERF(Q$10/SQRT(4*$F$4/($E$4*$C$4)*2*$D$4/$B$4)))*$L32) -> 85.147753 | R32: =IF((1-ERF(R$10/SQRT(4*$F$4/($E$4*$C$4)*2*$D$4/$B$4)))*$L32<20,20,(1-ERF(R$10/SQRT(4*$F$4/($E$4*$C$4)*2*$D$4/$B$4)))*$L32) -> 83.912661 | S32: =IF((1-ERF(S$10/SQRT(4*$F$4/($E$4*$C$4)*2*$D$4/$B$4)))*$L32<20,20,(1-ERF(S$10/SQRT(4*$F$4/($E$4*$C$4)*2*$D$4/$B$4)))*$L32) -> 82.679714 | T32: =IF((1-ERF(T$10/SQRT(4*$F$4/($E$4*$C$4)*2*$D$4/$B$4)))*$L32<20,20,(1-ERF(T$10/SQRT(4*$F$4/($E$4*$C$4)*2*$D$4/$B$4)))*$L32) -> 81.449265 | ... BS32: =IF((1-ERF(BS$10/SQRT(4*$F$4/($E$4*$C$4)*2*$D$4/$B$4)))*$L32<20,20,(1-ERF(BS$10/SQRT(4*$F$4/($E$4*$C$4)*2*$D$4/$B$4)))*$L32) -> 20
B33: =B32+0.1 -> -0.101 | C33: =B33 -> -0.101 | E33: =($D$14*($B33+1))/2 -> 2.6046237 | F33: =($D$14*($B33-1))/2 -> -3.1898673 | H33: =(((C33+1)*EXP(E33))*(BESSELK(E33,0)+BESSELK(E33,1)))+(((1-C33)*EXP(F33))*(BESSELK(-F33,0)-BESSELK(-F33,1))) -> 1.4591377 | J33: =G33+H33+I33 -> 1.4591377 | K33: =J33/MAX($J$14:$J$57) -> 0.74496041 | L33: =IF($G$4>5,K33*$I$9,K33*$J$9)+20 -> 95.288642 | M33: =IF((1-ERF(M$10/SQRT(4*$F$4/($E$4*$C$4)*2*$D$4/$B$4)))*$L33<20,20,(1-ERF(M$10/SQRT(4*$F$4/($E$4*$C$4)*2*$D$4/$B$4)))*$L33) -> 93.994587 | N33: =IF((1-ERF(N$10/SQRT(4*$F$4/($E$4*$C$4)*2*$D$4/$B$4)))*$L33<20,20,(1-ERF(N$10/SQRT(4*$F$4/($E$4*$C$4)*2*$D$4/$B$4)))*$L33) -> 92.700906 | O33: =IF((1-ERF(O$10/SQRT(4*$F$4/($E$4*$C$4)*2*$D$4/$B$4)))*$L33<20,20,(1-ERF(O$10/SQRT(4*$F$4/($E$4*$C$4)*2*$D$4/$B$4)))*$L33) -> 91.407975 | P33: =IF((1-ERF(P$10/SQRT(4*$F$4/($E$4*$C$4)*2*$D$4/$B$4)))*$L33<20,20,(1-ERF(P$10/SQRT(4*$F$4/($E$4*$C$4)*2*$D$4/$B$4)))*$L33) -> 90.116167 | Q33: =IF((1-ERF(Q$10/SQRT(4*$F$4/($E$4*$C$4)*2*$D$4/$B$4)))*$L33<20,20,(1-ERF(Q$10/SQRT(4*$F$4/($E$4*$C$4)*2*$D$4/$B$4)))*$L33) -> 88.825855 | R33: =IF((1-ERF(R$10/SQRT(4*$F$4/($E$4*$C$4)*2*$D$4/$B$4)))*$L33<20,20,(1-ERF(R$10/SQRT(4*$F$4/($E$4*$C$4)*2*$D$4/$B$4)))*$L33) -> 87.537411 | S33: =IF((1-ERF(S$10/SQRT(4*$F$4/($E$4*$C$4)*2*$D$4/$B$4)))*$L33<20,20,(1-ERF(S$10/SQRT(4*$F$4/($E$4*$C$4)*2*$D$4/$B$4)))*$L33) -> 86.251205 | T33: =IF((1-ERF(T$10/SQRT(4*$F$4/($E$4*$C$4)*2*$D$4/$B$4)))*$L33<20,20,(1-ERF(T$10/SQRT(4*$F$4/($E$4*$C$4)*2*$D$4/$B$4)))*$L33) -> 84.967605 | ... BS33: =IF((1-ERF(BS$10/SQRT(4*$F$4/($E$4*$C$4)*2*$D$4/$B$4)))*$L33<20,20,(1-ERF(BS$10/SQRT(4*$F$4/($E$4*$C$4)*2*$D$4/$B$4)))*$L33) -> 20
B34: =B33+0.1 -> -0.001 | C34: =B34 -> -0.001 | E34: =($D$14*($B34+1))/2 -> 2.8943483 | F34: =($D$14*($B34-1))/2 -> -2.9001428 | H34: =(((C34+1)*EXP(E34))*(BESSELK(E34,0)+BESSELK(E34,1)))+(((1-C34)*EXP(F34))*(BESSELK(-F34,0)-BESSELK(-F34,1))) -> 1.5316742 | J34: =G34+H34+I34 -> 1.5316742 | K34: =J34/MAX($J$14:$J$57) -> 0.78199381 | L34: =IF($G$4>5,K34*$I$9,K34*$J$9)+20 -> 99.031384 | M34: =IF((1-ERF(M$10/SQRT(4*$F$4/($E$4*$C$4)*2*$D$4/$B$4)))*$L34<20,20,(1-ERF(M$10/SQRT(4*$F$4/($E$4*$C$4)*2*$D$4/$B$4)))*$L34) -> 97.686501 | N34: =IF((1-ERF(N$10/SQRT(4*$F$4/($E$4*$C$4)*2*$D$4/$B$4)))*$L34<20,20,(1-ERF(N$10/SQRT(4*$F$4/($E$4*$C$4)*2*$D$4/$B$4)))*$L34) -> 96.342007 | O34: =IF((1-ERF(O$10/SQRT(4*$F$4/($E$4*$C$4)*2*$D$4/$B$4)))*$L34<20,20,(1-ERF(O$10/SQRT(4*$F$4/($E$4*$C$4)*2*$D$4/$B$4)))*$L34) -> 94.998292 | P34: =IF((1-ERF(P$10/SQRT(4*$F$4/($E$4*$C$4)*2*$D$4/$B$4)))*$L34<20,20,(1-ERF(P$10/SQRT(4*$F$4/($E$4*$C$4)*2*$D$4/$B$4)))*$L34) -> 93.655745 | Q34: =IF((1-ERF(Q$10/SQRT(4*$F$4/($E$4*$C$4)*2*$D$4/$B$4)))*$L34<20,20,(1-ERF(Q$10/SQRT(4*$F$4/($E$4*$C$4)*2*$D$4/$B$4)))*$L34) -> 92.314752 | R34: =IF((1-ERF(R$10/SQRT(4*$F$4/($E$4*$C$4)*2*$D$4/$B$4)))*$L34<20,20,(1-ERF(R$10/SQRT(4*$F$4/($E$4*$C$4)*2*$D$4/$B$4)))*$L34) -> 90.975701 | S34: =IF((1-ERF(S$10/SQRT(4*$F$4/($E$4*$C$4)*2*$D$4/$B$4)))*$L34<20,20,(1-ERF(S$10/SQRT(4*$F$4/($E$4*$C$4)*2*$D$4/$B$4)))*$L34) -> 89.638975 | T34: =IF((1-ERF(T$10/SQRT(4*$F$4/($E$4*$C$4)*2*$D$4/$B$4)))*$L34<20,20,(1-ERF(T$10/SQRT(4*$F$4/($E$4*$C$4)*2*$D$4/$B$4)))*$L34) -> 88.304957 | ... BS34: =IF((1-ERF(BS$10/SQRT(4*$F$4/($E$4*$C$4)*2*$D$4/$B$4)))*$L34<20,20,(1-ERF(BS$10/SQRT(4*$F$4/($E$4*$C$4)*2*$D$4/$B$4)))*$L34) -> 20
B35: =B34+0.1 -> 0.099 | C35: =B35 -> 0.099 | E35: =($D$14*($B35+1))/2 -> 3.1840728 | F35: =($D$14*($B35-1))/2 -> -2.6104182 | H35: =(((C35+1)*EXP(E35))*(BESSELK(E35,0)+BESSELK(E35,1)))+(((1-C35)*EXP(F35))*(BESSELK(-F35,0)-BESSELK(-F35,1))) -> 1.6007465 | J35: =G35+H35+I35 -> 1.6007465 | K35: =J35/MAX($J$14:$J$57) -> 0.81725858 | L35: =IF($G$4>5,K35*$I$9,K35*$J$9)+20 -> 102.59538 | M35: =IF((1-ERF(M$10/SQRT(4*$F$4/($E$4*$C$4)*2*$D$4/$B$4)))*$L35<20,20,(1-ERF(M$10/SQRT(4*$F$4/($E$4*$C$4)*2*$D$4/$B$4)))*$L35) -> 101.2021 | N35: =IF((1-ERF(N$10/SQRT(4*$F$4/($E$4*$C$4)*2*$D$4/$B$4)))*$L35<20,20,(1-ERF(N$10/SQRT(4*$F$4/($E$4*$C$4)*2*$D$4/$B$4)))*$L35) -> 99.809217 | O35: =IF((1-ERF(O$10/SQRT(4*$F$4/($E$4*$C$4)*2*$D$4/$B$4)))*$L35<20,20,(1-ERF(O$10/SQRT(4*$F$4/($E$4*$C$4)*2*$D$4/$B$4)))*$L35) -> 98.417144 | P35: =IF((1-ERF(P$10/SQRT(4*$F$4/($E$4*$C$4)*2*$D$4/$B$4)))*$L35<20,20,(1-ERF(P$10/SQRT(4*$F$4/($E$4*$C$4)*2*$D$4/$B$4)))*$L35) -> 97.02628 | Q35: =IF((1-ERF(Q$10/SQRT(4*$F$4/($E$4*$C$4)*2*$D$4/$B$4)))*$L35<20,20,(1-ERF(Q$10/SQRT(4*$F$4/($E$4*$C$4)*2*$D$4/$B$4)))*$L35) -> 95.637027 | R35: =IF((1-ERF(R$10/SQRT(4*$F$4/($E$4*$C$4)*2*$D$4/$B$4)))*$L35<20,20,(1-ERF(R$10/SQRT(4*$F$4/($E$4*$C$4)*2*$D$4/$B$4)))*$L35) -> 94.249785 | S35: =IF((1-ERF(S$10/SQRT(4*$F$4/($E$4*$C$4)*2*$D$4/$B$4)))*$L35<20,20,(1-ERF(S$10/SQRT(4*$F$4/($E$4*$C$4)*2*$D$4/$B$4)))*$L35) -> 92.864952 | T35: =IF((1-ERF(T$10/SQRT(4*$F$4/($E$4*$C$4)*2*$D$4/$B$4)))*$L35<20,20,(1-ERF(T$10/SQRT(4*$F$4/($E$4*$C$4)*2*$D$4/$B$4)))*$L35) -> 91.482925 | ... BS35: =IF((1-ERF(BS$10/SQRT(4*$F$4/($E$4*$C$4)*2*$D$4/$B$4)))*$L35<20,20,(1-ERF(BS$10/SQRT(4*$F$4/($E$4*$C$4)*2*$D$4/$B$4)))*$L35) -> 20
B36: =B35+0.1 -> 0.199 | C36: =B36 -> 0.199 | E36: =($D$14*($B36+1))/2 -> 3.4737974 | F36: =($D$14*($B36-1))/2 -> -2.3206937 | H36: =(((C36+1)*EXP(E36))*(BESSELK(E36,0)+BESSELK(E36,1)))+(((1-C36)*EXP(F36))*(BESSELK(-F36,0)-BESSELK(-F36,1))) -> 1.6666519 | J36: =G36+H36+I36 -> 1.6666519 | K36: =J36/MAX($J$14:$J$57) -> 0.85090644 | L36: =IF($G$4>5,K36*$I$9,K36*$J$9)+20 -> 105.99597 | M36: =IF((1-ERF(M$10/SQRT(4*$F$4/($E$4*$C$4)*2*$D$4/$B$4)))*$L36<20,20,(1-ERF(M$10/SQRT(4*$F$4/($E$4*$C$4)*2*$D$4/$B$4)))*$L36) -> 104.5565 | N36: =IF((1-ERF(N$10/SQRT(4*$F$4/($E$4*$C$4)*2*$D$4/$B$4)))*$L36<20,20,(1-ERF(N$10/SQRT(4*$F$4/($E$4*$C$4)*2*$D$4/$B$4)))*$L36) -> 103.11745 | O36: =IF((1-ERF(O$10/SQRT(4*$F$4/($E$4*$C$4)*2*$D$4/$B$4)))*$L36<20,20,(1-ERF(O$10/SQRT(4*$F$4/($E$4*$C$4)*2*$D$4/$B$4)))*$L36) -> 101.67924 | P36: =IF((1-ERF(P$10/SQRT(4*$F$4/($E$4*$C$4)*2*$D$4/$B$4)))*$L36<20,20,(1-ERF(P$10/SQRT(4*$F$4/($E$4*$C$4)*2*$D$4/$B$4)))*$L36) -> 100.24227 | Q36: =IF((1-ERF(Q$10/SQRT(4*$F$4/($E$4*$C$4)*2*$D$4/$B$4)))*$L36<20,20,(1-ERF(Q$10/SQRT(4*$F$4/($E$4*$C$4)*2*$D$4/$B$4)))*$L36) -> 98.806974 | R36: =IF((1-ERF(R$10/SQRT(4*$F$4/($E$4*$C$4)*2*$D$4/$B$4)))*$L36<20,20,(1-ERF(R$10/SQRT(4*$F$4/($E$4*$C$4)*2*$D$4/$B$4)))*$L36) -> 97.373751 | S36: =IF((1-ERF(S$10/SQRT(4*$F$4/($E$4*$C$4)*2*$D$4/$B$4)))*$L36<20,20,(1-ERF(S$10/SQRT(4*$F$4/($E$4*$C$4)*2*$D$4/$B$4)))*$L36) -> 95.943017 | T36: =IF((1-ERF(T$10/SQRT(4*$F$4/($E$4*$C$4)*2*$D$4/$B$4)))*$L36<20,20,(1-ERF(T$10/SQRT(4*$F$4/($E$4*$C$4)*2*$D$4/$B$4)))*$L36) -> 94.515182 | ... BS36: =IF((1-ERF(BS$10/SQRT(4*$F$4/($E$4*$C$4)*2*$D$4/$B$4)))*$L36<20,20,(1-ERF(BS$10/SQRT(4*$F$4/($E$4*$C$4)*2*$D$4/$B$4)))*$L36) -> 20
... B44: =B43+0.1 -> 0.999 | C44: =B44 -> 0.999 | E44: =($D$14*($B44+1))/2 -> 5.7915938 | F44: =($D$14*($B44-1))/2 -> -0.0028972455 | H44: =(((C44+1)*EXP(E44))*(BESSELK(E44,0)+BESSELK(E44,1)))+(((1-C44)*EXP(F44))*(BESSELK(-F44,0)-BESSELK(-F44,1))) -> 1.7875219 | J44: =G44+H44+I44 -> 1.7875219 | K44: =J44/MAX($J$14:$J$57) -> 0.91261647 | L44: =IF($G$4>5,K44*$I$9,K44*$J$9)+20 -> 112.23263 | M44: =IF((1-ERF(M$10/SQRT(4*$F$4/($E$4*$C$4)*2*$D$4/$B$4)))*$L44<20,20,(1-ERF(M$10/SQRT(4*$F$4/($E$4*$C$4)*2*$D$4/$B$4)))*$L44) -> 110.70846 | N44: =IF((1-ERF(N$10/SQRT(4*$F$4/($E$4*$C$4)*2*$D$4/$B$4)))*$L44<20,20,(1-ERF(N$10/SQRT(4*$F$4/($E$4*$C$4)*2*$D$4/$B$4)))*$L44) -> 109.18475 | O44: =IF((1-ERF(O$10/SQRT(4*$F$4/($E$4*$C$4)*2*$D$4/$B$4)))*$L44<20,20,(1-ERF(O$10/SQRT(4*$F$4/($E$4*$C$4)*2*$D$4/$B$4)))*$L44) -> 107.66191 | P44: =IF((1-ERF(P$10/SQRT(4*$F$4/($E$4*$C$4)*2*$D$4/$B$4)))*$L44<20,20,(1-ERF(P$10/SQRT(4*$F$4/($E$4*$C$4)*2*$D$4/$B$4)))*$L44) -> 106.14039 | Q44: =IF((1-ERF(Q$10/SQRT(4*$F$4/($E$4*$C$4)*2*$D$4/$B$4)))*$L44<20,20,(1-ERF(Q$10/SQRT(4*$F$4/($E$4*$C$4)*2*$D$4/$B$4)))*$L44) -> 104.62064 | R44: =IF((1-ERF(R$10/SQRT(4*$F$4/($E$4*$C$4)*2*$D$4/$B$4)))*$L44<20,20,(1-ERF(R$10/SQRT(4*$F$4/($E$4*$C$4)*2*$D$4/$B$4)))*$L44) -> 103.10309 | S44: =IF((1-ERF(S$10/SQRT(4*$F$4/($E$4*$C$4)*2*$D$4/$B$4)))*$L44<20,20,(1-ERF(S$10/SQRT(4*$F$4/($E$4*$C$4)*2*$D$4/$B$4)))*$L44) -> 101.58817 | T44: =IF((1-ERF(T$10/SQRT(4*$F$4/($E$4*$C$4)*2*$D$4/$B$4)))*$L44<20,20,(1-ERF(T$10/SQRT(4*$F$4/($E$4*$C$4)*2*$D$4/$B$4)))*$L44) -> 100.07633 | ... BS44: =IF((1-ERF(BS$10/SQRT(4*$F$4/($E$4*$C$4)*2*$D$4/$B$4)))*$L44<20,20,(1-ERF(BS$10/SQRT(4*$F$4/($E$4*$C$4)*2*$D$4/$B$4)))*$L44) -> 20
B45: =B44+0.1 -> 1.099 | C45: =B45 -> 1.099 | E45: =($D$14*($B45+1))/2 -> 6.0813183 | F45: =($D$14*($B45-1))/2 -> 0.28682731 | I45: =(((C45+1)*EXP(E45))*(BESSELK(E45,0)+BESSELK(E45,1)))+(((1-C45)*EXP(F45))*(BESSELK(F45,0)+BESSELK(F45,1))) -> 1.5656878 | J45: =G45+H45+I45 -> 1.5656878 | K45: =J45/MAX($J$14:$J$57) -> 0.79935938 | L45: =IF($G$4>5,K45*$I$9,K45*$J$9)+20 -> 100.78642 | M45: =IF((1-ERF(M$10/SQRT(4*$F$4/($E$4*$C$4)*2*$D$4/$B$4)))*$L45<20,20,(1-ERF(M$10/SQRT(4*$F$4/($E$4*$C$4)*2*$D$4/$B$4)))*$L45) -> 99.4177 | N45: =IF((1-ERF(N$10/SQRT(4*$F$4/($E$4*$C$4)*2*$D$4/$B$4)))*$L45<20,20,(1-ERF(N$10/SQRT(4*$F$4/($E$4*$C$4)*2*$D$4/$B$4)))*$L45) -> 98.049379 | O45: =IF((1-ERF(O$10/SQRT(4*$F$4/($E$4*$C$4)*2*$D$4/$B$4)))*$L45<20,20,(1-ERF(O$10/SQRT(4*$F$4/($E$4*$C$4)*2*$D$4/$B$4)))*$L45) -> 96.681851 | P45: =IF((1-ERF(P$10/SQRT(4*$F$4/($E$4*$C$4)*2*$D$4/$B$4)))*$L45<20,20,(1-ERF(P$10/SQRT(4*$F$4/($E$4*$C$4)*2*$D$4/$B$4)))*$L45) -> 95.315511 | Q45: =IF((1-ERF(Q$10/SQRT(4*$F$4/($E$4*$C$4)*2*$D$4/$B$4)))*$L45<20,20,(1-ERF(Q$10/SQRT(4*$F$4/($E$4*$C$4)*2*$D$4/$B$4)))*$L45) -> 93.950753 | R45: =IF((1-ERF(R$10/SQRT(4*$F$4/($E$4*$C$4)*2*$D$4/$B$4)))*$L45<20,20,(1-ERF(R$10/SQRT(4*$F$4/($E$4*$C$4)*2*$D$4/$B$4)))*$L45) -> 92.587971 | S45: =IF((1-ERF(S$10/SQRT(4*$F$4/($E$4*$C$4)*2*$D$4/$B$4)))*$L45<20,20,(1-ERF(S$10/SQRT(4*$F$4/($E$4*$C$4)*2*$D$4/$B$4)))*$L45) -> 91.227556 | T45: =IF((1-ERF(T$10/SQRT(4*$F$4/($E$4*$C$4)*2*$D$4/$B$4)))*$L45<20,20,(1-ERF(T$10/SQRT(4*$F$4/($E$4*$C$4)*2*$D$4/$B$4)))*$L45) -> 89.869897 | ... BS45: =IF((1-ERF(BS$10/SQRT(4*$F$4/($E$4*$C$4)*2*$D$4/$B$4)))*$L45<20,20,(1-ERF(BS$10/SQRT(4*$F$4/($E$4*$C$4)*2*$D$4/$B$4)))*$L45) -> 20
B46: =B45+0.1 -> 1.199 | C46: =B46 -> 1.199 | E46: =($D$14*($B46+1))/2 -> 6.3710429 | F46: =($D$14*($B46-1))/2 -> 0.57655186 | I46: =(((C46+1)*EXP(E46))*(BESSELK(E46,0)+BESSELK(E46,1)))+(((1-C46)*EXP(F46))*(BESSELK(F46,0)+BESSELK(F46,1))) -> 1.4520153 | J46: =G46+H46+I46 -> 1.4520153 | K46: =J46/MAX($J$14:$J$57) -> 0.74132409 | L46: =IF($G$4>5,K46*$I$9,K46*$J$9)+20 -> 94.921142 | M46: =IF((1-ERF(M$10/SQRT(4*$F$4/($E$4*$C$4)*2*$D$4/$B$4)))*$L46<20,20,(1-ERF(M$10/SQRT(4*$F$4/($E$4*$C$4)*2*$D$4/$B$4)))*$L46) -> 93.632077 | N46: =IF((1-ERF(N$10/SQRT(4*$F$4/($E$4*$C$4)*2*$D$4/$B$4)))*$L46<20,20,(1-ERF(N$10/SQRT(4*$F$4/($E$4*$C$4)*2*$D$4/$B$4)))*$L46) -> 92.343386 | O46: =IF((1-ERF(O$10/SQRT(4*$F$4/($E$4*$C$4)*2*$D$4/$B$4)))*$L46<20,20,(1-ERF(O$10/SQRT(4*$F$4/($E$4*$C$4)*2*$D$4/$B$4)))*$L46) -> 91.055441 | P46: =IF((1-ERF(P$10/SQRT(4*$F$4/($E$4*$C$4)*2*$D$4/$B$4)))*$L46<20,20,(1-ERF(P$10/SQRT(4*$F$4/($E$4*$C$4)*2*$D$4/$B$4)))*$L46) -> 89.768615 | Q46: =IF((1-ERF(Q$10/SQRT(4*$F$4/($E$4*$C$4)*2*$D$4/$B$4)))*$L46<20,20,(1-ERF(Q$10/SQRT(4*$F$4/($E$4*$C$4)*2*$D$4/$B$4)))*$L46) -> 88.48328 | R46: =IF((1-ERF(R$10/SQRT(4*$F$4/($E$4*$C$4)*2*$D$4/$B$4)))*$L46<20,20,(1-ERF(R$10/SQRT(4*$F$4/($E$4*$C$4)*2*$D$4/$B$4)))*$L46) -> 87.199805 | S46: =IF((1-ERF(S$10/SQRT(4*$F$4/($E$4*$C$4)*2*$D$4/$B$4)))*$L46<20,20,(1-ERF(S$10/SQRT(4*$F$4/($E$4*$C$4)*2*$D$4/$B$4)))*$L46) -> 85.91856 | T46: =IF((1-ERF(T$10/SQRT(4*$F$4/($E$4*$C$4)*2*$D$4/$B$4)))*$L46<20,20,(1-ERF(T$10/SQRT(4*$F$4/($E$4*$C$4)*2*$D$4/$B$4)))*$L46) -> 84.63991 | ... BS46: =IF((1-ERF(BS$10/SQRT(4*$F$4/($E$4*$C$4)*2*$D$4/$B$4)))*$L46<20,20,(1-ERF(BS$10/SQRT(4*$F$4/($E$4*$C$4)*2*$D$4/$B$4)))*$L46) -> 20
B47: =B46+0.1 -> 1.299 | C47: =B47 -> 1.299 | E47: =($D$14*($B47+1))/2 -> 6.6607674 | F47: =($D$14*($B47-1))/2 -> 0.86627641 | I47: =(((C47+1)*EXP(E47))*(BESSELK(E47,0)+BESSELK(E47,1)))+(((1-C47)*EXP(F47))*(BESSELK(F47,0)+BESSELK(F47,1))) -> 1.3684 | J47: =G47+H47+I47 -> 1.3684 | K47: =J47/MAX($J$14:$J$57) -> 0.69863443 | L47: =IF($G$4>5,K47*$I$9,K47*$J$9)+20 -> 90.606755 | M47: =IF((1-ERF(M$10/SQRT(4*$F$4/($E$4*$C$4)*2*$D$4/$B$4)))*$L47<20,20,(1-ERF(M$10/SQRT(4*$F$4/($E$4*$C$4)*2*$D$4/$B$4)))*$L47) -> 89.376282 | N47: =IF((1-ERF(N$10/SQRT(4*$F$4/($E$4*$C$4)*2*$D$4/$B$4)))*$L47<20,20,(1-ERF(N$10/SQRT(4*$F$4/($E$4*$C$4)*2*$D$4/$B$4)))*$L47) -> 88.146164 | O47: =IF((1-ERF(O$10/SQRT(4*$F$4/($E$4*$C$4)*2*$D$4/$B$4)))*$L47<20,20,(1-ERF(O$10/SQRT(4*$F$4/($E$4*$C$4)*2*$D$4/$B$4)))*$L47) -> 86.91676 | P47: =IF((1-ERF(P$10/SQRT(4*$F$4/($E$4*$C$4)*2*$D$4/$B$4)))*$L47<20,20,(1-ERF(P$10/SQRT(4*$F$4/($E$4*$C$4)*2*$D$4/$B$4)))*$L47) -> 85.688423 | Q47: =IF((1-ERF(Q$10/SQRT(4*$F$4/($E$4*$C$4)*2*$D$4/$B$4)))*$L47<20,20,(1-ERF(Q$10/SQRT(4*$F$4/($E$4*$C$4)*2*$D$4/$B$4)))*$L47) -> 84.461509 | R47: =IF((1-ERF(R$10/SQRT(4*$F$4/($E$4*$C$4)*2*$D$4/$B$4)))*$L47<20,20,(1-ERF(R$10/SQRT(4*$F$4/($E$4*$C$4)*2*$D$4/$B$4)))*$L47) -> 83.236371 | S47: =IF((1-ERF(S$10/SQRT(4*$F$4/($E$4*$C$4)*2*$D$4/$B$4)))*$L47<20,20,(1-ERF(S$10/SQRT(4*$F$4/($E$4*$C$4)*2*$D$4/$B$4)))*$L47) -> 82.013361 | T47: =IF((1-ERF(T$10/SQRT(4*$F$4/($E$4*$C$4)*2*$D$4/$B$4)))*$L47<20,20,(1-ERF(T$10/SQRT(4*$F$4/($E$4*$C$4)*2*$D$4/$B$4)))*$L47) -> 80.792829 | ... BS47: =IF((1-ERF(BS$10/SQRT(4*$F$4/($E$4*$C$4)*2*$D$4/$B$4)))*$L47<20,20,(1-ERF(BS$10/SQRT(4*$F$4/($E$4*$C$4)*2*$D$4/$B$4)))*$L47) -> 20
